Order,URL,App
1,app.58.com,58
2,cdata.58.com,58
3,mobads.baidu.com,58
4,mobads.baidu.com,58
5,apiwmda.58.com.cn,58
6,im58log.58.com,58
7,api.m.taobao.com,58
8,callback.58.com,58
9,api.m.taobao.com,58
10,appwos.58.com,58
11,im58log.58.com,58
12,cdata.58.com,58
13,apiwmda.58.com.cn,58
14,im58log.58.com,58
15,app.58.com,58
16,app.58.com,58
17,app.58.com,58
18,app.58.com,58
19,app.58.com,58
20,tzgs.58.com,58
21,app.58.com,58
22,tzgs.58.com,58
23,passport.58.com,58
24,sdp.58.com,58
25,idw.58.com,58
26,gtc.getui.net,58
27,bindwpush.58.com,58
28,sdk.open.phone.igexin.com,58
29,c.data.mob.com,58
30,sdk.push.mob.com,58
31,m.data.mob.com,58
32,m.data.mob.com,58
33,gi.getui.net,58
34,housesecurity.58.com,58
35,ido.getui.net,58
36,c-gtc.getui.net,58
37,apiwmda.58.com.cn,58
38,zpservice.58.com,58
39,apphouse.58.com,58
40,houserentapp.58.com,58
41,app.58.com,58
42,app.58.com,58
43,zpservice.58.com,58
44,apiwmda.58.com.cn,58
45,sdk.push.mob.com,58
46,devs.data.mob.com,58
47,huangyeapi.58.com,58
48,c-hzgt2.getui.com,58
49,app.58.com,58
50,tzgs.58.com,58
51,m.mpl.dutils.com,58
52,sdk.push.mob.com,58
53,app.58.com,58
54,app.58.com,58
55,apiwmda.58.com.cn,58
56,app.58.com,58
57,app.58.com,58
58,tzcapp.58.com,58
59,app.58.com,58
60,ido.getui.net,58
61,devs.data.mob.com,58
62,app.58.com,58
63,app.58.com,58
64,app.58.com,58
65,c-ido.getui.net,58
66,app.58.com,58
67,devs.data.mob.com,58
68,sdp.58.com,58
69,verifycode.58.com,58
70,dnms.getui.com,58
71,verifycode.58.com,58
72,devs.data.mob.com,58
73,ulogs.umeng.com,58
74,app.58.com,58
75,huangyeapi.58.com,58
76,wos3.58cdn.com.cn,58
77,app.58.com,58
78,app.58.com,58
79,app.58.com,58
80,app.58.com,58
81,app.58.com,58
82,devs.data.mob.com,58
83,app.58.com,58
84,j1.58cdn.com.cn,58
85,pic2.58cdn.com.cn,58
86,pic2.58cdn.com.cn,58
87,pic4.58cdn.com.cn,58
88,api.fd.mob.com,58
89,devs.data.mob.com,58
90,pic2.58cdn.com.cn,58
91,pic6.58cdn.com.cn,58
92,pic4.58cdn.com.cn,58
93,pic6.58cdn.com.cn,58
94,c-hzgt2.getui.com,58
95,pic4.58cdn.com.cn,58
96,pic7.58cdn.com.cn,58
97,pic7.58cdn.com.cn,58
98,pic8.58cdn.com.cn,58
99,pic8.58cdn.com.cn,58
100,pic7.58cdn.com.cn,58
101,aaid.umeng.com,58
102,pic5.58cdn.com.cn,58
103,pic5.58cdn.com.cn,58
104,pic5.58cdn.com.cn,58
105,ulogs.umeng.com,58
106,devs.data.mob.com,58
107,ido.getui.net,58
108,app.58.com,58
109,app.58.com,58
110,ulogs.umeng.com,58
111,app.58.com,58
112,app.58.com,58
113,app.58.com,58
114,app.58.com,58
115,app.58.com,58
116,app.58.com,58
117,app.58.com,58
118,app.58.com,58
119,app.58.com,58
120,app.58.com,58
121,app.58.com,58
122,app.58.com,58
123,app.58.com,58
124,magicisland.58.com,58
125,app.58.com,58
126,ido.getui.net,58
127,app.58.com,58
128,ido.getui.net,58
129,zpservice.58.com,58
130,zpservice.58.com,58
131,houserentapp.58.com,58
132,kh.m.58.com,58
133,app.58.com,58
134,app.58.com,58
135,appbusiness.58.com,58
136,api.map.baidu.com,58
137,houserentapp.58.com,58
138,app.58.com,58
139,app.58.com,58
140,app.58.com,58
141,callback.58.com,58
142,android.bugly.qq.com,58
143,rentercenter.58.com,58
144,cdata.58.com,58
145,appdatacollect.58.com,58
146,appdatacollect.58.com,58
147,verifycode.58.com,58
148,verifycode.58.com,58
149,pic8.58cdn.com.cn,58
150,pic2.58cdn.com.cn,58
151,pic4.58cdn.com.cn,58
152,pic6.58cdn.com.cn,58
153,pic6.58cdn.com.cn,58
154,pic1.58cdn.com.cn,58
155,pic6.58cdn.com.cn,58
156,pic8.58cdn.com.cn,58
157,api.m.taobao.com,58
158,apiwmda.58.com.cn,58
159,apiwmda.58.com.cn,58
160,c-hzgt2.getui.com,58
161,apiwmda.58.com.cn,58
162,zpservice.58.com,58
163,apphouse.58.com,58
164,houserentapp.58.com,58
165,api.m.taobao.com,58
166,houserentapp.58.com,58
167,apphouse.58.com,58
168,cdata.58.com,58
169,pic8.58cdn.com.cn,58
170,bindwpush.58.com,58
171,apphouse.58.com,58
172,app.58.com,58
173,app.58.com,58
174,app.58.com,58
175,reportwpush.58.com,58
176,app.58.com,58
177,apiwmda.58.com.cn,58
178,app.58.com,58
179,a.58cdn.com.cn,58
180,bindwpush.58.com,58
181,passport.58.com,58
182,toblog.ctobsnssdk.com,58
183,apiwmda.58.com.cn,58
184,pangolin.snssdk.com,58
185,toblog.ctobsnssdk.com,58
186,sf3-fe-tos.pglstatp-toutiao.com,58
187,pangolin.snssdk.com,58
188,sf3-fe-tos.pglstatp-toutiao.com,58
189,sf3-fe-tos.pglstatp-toutiao.com,58
190,sf3-fe-tos.pglstatp-toutiao.com,58
191,sf3-fe-tos.pglstatp-toutiao.com,58
192,api.m.taobao.com,58
193,cdata.58.com,58
194,b-gtc.gepush.com,58
195,b-gtc.gepush.com,58
196,app.58.com,58
197,app.58.com,58
198,app.58.com,58
199,a.58cdn.com.cn,58
200,a.58cdn.com.cn,58
201,a.58cdn.com.cn,58
202,a.58cdn.com.cn,58
203,img.58cdn.com.cn,58
204,unionx.58.com,58
205,app.58.com,58
206,pic5.58cdn.com.cn,58
207,pic6.58cdn.com.cn,58
208,pic5.58cdn.com.cn,58
209,pic4.58cdn.com.cn,58
210,img.58cdn.com.cn,58
211,img.58cdn.com.cn,58
212,pic1.58cdn.com.cn,58
213,j1.58cdn.com.cn,58
214,img.58cdn.com.cn,58
215,pic8.58cdn.com.cn,58
216,pic7.58cdn.com.cn,58
217,a.58cdn.com.cn,58
218,pic8.58cdn.com.cn,58
219,wos3.58cdn.com.cn,58
220,wos3.58cdn.com.cn,58
221,app.58.com,58
222,app.58.com,58
223,app.58.com,58
224,app.58.com,58
225,app.58.com,58
226,cdn-api-verify.mob.com,58
227,apiwmda.58.com.cn,58
228,toblog.ctobsnssdk.com,58
229,appwos.58.com,58
230,toblog.ctobsnssdk.com,58
231,app.58.com,58
232,cdata.58.com,58
233,apiwmda.58.com.cn,58
234,m.data.mob.com,58
235,api.fc.mob.com,58
236,api.m.taobao.com,58
237,app.58.com,58
238,aaid.umeng.com,58
239,devs.data.mob.com,58
240,c.data.mob.com,58
241,devs.data.mob.com,58
242,api.map.baidu.com,58
243,im58log.58.com,58
244,apiwmda.58.com.cn,58
245,apiwmda.58.com.cn,58
246,apiwmda.58.com.cn,58
247,fp-it.fengkongcloud.com,58
248,as.xiaohongshu.com,58
249,api.verify.mob.com,58
250,apiwmda.58.com.cn,58
251,verifycode.58.com,58
252,api.fd.mob.com,58
253,cc.map.qq.com,58
254,fp-it.fengkongcloud.com,58
255,ido.getui.net,58
256,api-fd.dutils.com,58
257,m.mpl.dutils.com,58
258,api.m.taobao.com,58
259,apiwmda.58.com.cn,58
260,cdata.58.com,58
261,api.m.taobao.com,58
262,apiwmda.58.com.cn,58
263,cdata.58.com,58
264,www.xiaohongshu.com,58
265,www.xiaohongshu.com,58
266,www.xiaohongshu.com,58
267,edith.xiaohongshu.com,58
268,www.xiaohongshu.com,58
269,www.xiaohongshu.com,58
270,www.xiaohongshu.com,58
271,config.jpush.cn,58
272,t2.xiaohongshu.com,58
273,lng.xiaohongshu.com,58
274,ido.getui.net,58
275,t2.xiaohongshu.com,58
276,config.jpush.cn,58
277,ce3e75d5.jpush.cn,58
278,c-gtc.getui.net,58
279,pangolin.snssdk.com,58
280,config.jpush.cn,58
281,verifycode.58.com,58
282,www.xiaohongshu.com,58
283,apiwmda.58.com.cn,58
284,edith.xiaohongshu.com,58
285,lf3-plat.pglstatp-toutiao.com,58
286,edith.xiaohongshu.com,58
287,config.jpush.cn,58
288,ce3e75d5.jpush.cn,58
289,ce3e75d5.jpush.cn,58
290,ce3e75d5.jpush.cn,58
291,passport.58.com,58
292,t2.xiaohongshu.com,58
293,apiwmda.58.com.cn,58
294,as.xiaohongshu.com,58
295,edith.xiaohongshu.com,58
296,www.xiaohongshu.com,58
297,www.xiaohongshu.com,58
298,www.xiaohongshu.com,58
299,c-hzgt2.getui.com,58
300,119.29.29.98,58
301,bjuser.jpush.cn,58
302,cs.map.qq.com,58
303,smartop-sdkapi.jiguang.cn,58
304,userlink.alicdn.com,58
305,userlink.alicdn.com,58
306,c-hzgt2.getui.com,58
307,api-access.pangolin-sdk-toutiao.com,58
308,adashbc.ut.taobao.com,58
309,as.xiaohongshu.com,58
310,adashxgc.ut.taobao.com,58
311,baichuan-sdk.alicdn.com,58
312,api.m.taobao.com,58
313,t2.xiaohongshu.com,58
314,cdata.58.com,58
315,log-verify.mob.com,58
316,sdk-open-phone.getui.com,58
317,api.m.taobao.com,58
318,sdk-open-phone.getui.com,58
319,www.xiaohongshu.com,58
320,www.xiaohongshu.com,58
321,cdata.58.com,58
322,www.xiaohongshu.com,58
323,www.xiaohongshu.com,58
324,www.xiaohongshu.com,58
325,www.xiaohongshu.com,58
326,www.xiaohongshu.com,58
327,sdk-open-phone.getui.com,58
328,119.29.29.98,58
329,passport.58.com,58
330,edith.xiaohongshu.com,58
331,edith.xiaohongshu.com,58
332,c-hzgt2.getui.com,58
333,edith.xiaohongshu.com,58
334,edith.xiaohongshu.com,58
335,edith.xiaohongshu.com,58
336,edith.xiaohongshu.com,58
337,edith.xiaohongshu.com,58
338,apiwmda.58.com.cn,58
339,apiwmda.58.com.cn,58
340,app.58.com,58
341,app.58.com,58
342,apiwmda.58.com.cn,58
343,edith.xiaohongshu.com,58
344,c-hzgt2.getui.com,58
345,edith.xiaohongshu.com,58
346,edith.xiaohongshu.com,58
347,edith.xiaohongshu.com,58
348,edith.xiaohongshu.com,58
349,edith.xiaohongshu.com,58
350,edith.xiaohongshu.com,58
351,edith.xiaohongshu.com,58
352,edith.xiaohongshu.com,58
353,lng.xiaohongshu.com,58
354,api.m.taobao.com,58
355,c-hzgt2.getui.com,58
356,cdata.58.com,58
357,cdata.58.com,58
358,api.m.taobao.com,58
359,api-fc.dutils.com,58
360,m.mpl.dutils.com,58
361,ido.getui.net,58
362,ido.getui.net,58
363,api.m.taobao.com,58
364,cdata.58.com,58
365,c-hzgt2.getui.com,58
366,sdk-open-phone.getui.com,58
367,sdk-open-phone.getui.com,58
368,m.mpl.dutils.com,58
369,im58log.58.com,58
370,passport.58.com,58
371,apiwmda.58.com.cn,58
372,passport.58.com,58
373,im58log.58.com,58
374,bindwpush.58.com,58
375,apiwmda.58.com.cn,58
376,app.58.com,58
377,apiwmda.58.com.cn,58
378,app.58.com,58
379,app.58.com,58
380,passport.58.com,58
381,a.58cdn.com.cn,58
382,app.58.com,58
383,app.58.com,58
384,bindwpush.58.com,58
385,houserentapp.58.com,58
386,ppuswapapi.58.com,58
387,magicisland.58.com,58
388,activityhouse.m.58.com,58
389,bindwpush.58.com,58
390,app.58.com,58
391,passport.58.com,58
392,apiwmda.58.com.cn,58
393,magicisland.58.com,58
394,ppuswapapi.58.com,58
395,im58log.58.com,58
396,app.58.com,58
397,helpbuy.58.com,58
398,im.58.com,58
399,im.58.com,58
400,im.58.com,58
401,im.58.com,58
402,apiwmda.58.com.cn,58
403,helpbuy.58.com,58
404,apiwmda.58.com.cn,58
405,im.58.com,58
406,im.58.com,58
407,im.58.com,58
408,im.58.com,58
409,im.58.com,58
410,im.58.com,58
411,apiwmda.58.com.cn,58
412,app.58.com,58
413,app.58.com,58
414,unionx.58.com,58
415,apiwmda.58.com.cn,58
416,wos3.58cdn.com.cn,58
417,app.58.com,58
418,app.58.com,58
419,app.58.com,58
420,app.58.com,58
421,app.58.com,58
422,app.58.com,58
423,app.58.com,58
424,app.58.com,58
425,j1.58cdn.com.cn,58
426,j1.58cdn.com.cn,58
427,pic2.58cdn.com.cn,58
428,pic2.58cdn.com.cn,58
429,app.58.com,58
430,pic2.58cdn.com.cn,58
431,j1.58cdn.com.cn,58
432,j1.58cdn.com.cn,58
433,pic1.58cdn.com.cn,58
434,ido.getui.net,58
435,ido.getui.net,58
436,m.mpl.dutils.com,58
437,pic1.58cdn.com.cn,58
438,app.58.com,58
439,app.58.com,58
440,pic4.58cdn.com.cn,58
441,app.58.com,58
442,wos.58cdn.com.cn,58
443,wos.58cdn.com.cn,58
444,pic1.58cdn.com.cn,58
445,pic5.58cdn.com.cn,58
446,pic1.ajkimg.com,58
447,pic1.ajkimg.com,58
448,pic1.ajkimg.com,58
449,app.58.com,58
450,app.58.com,58
451,app.58.com,58
452,apiwmda.58.com.cn,58
453,app.58.com,58
454,ido.getui.net,58
455,app.58.com,58
456,j1.58cdn.com.cn,58
457,pic2.58cdn.com.cn,58
458,pic2.58cdn.com.cn,58
459,pic2.58cdn.com.cn,58
460,brandshowlog.58.com,58
461,pic2.58cdn.com.cn,58
462,ido.getui.net,58
463,m.mpl.dutils.com,58
464,ido.getui.net,58
465,ido.getui.net,58
466,b-gtc.getui.net,58
467,devs-data.dutils.com,58
468,b-gtc.getui.net,58
469,sdk-open-phone.getui.com,58
470,devs-data.dutils.com,58
471,sdk-open-phone.getui.com,58
472,lng.xiaohongshu.com,58
473,lng.xiaohongshu.com,58
474,login.sina.com.cn,58
476,m.mpl.dutils.com,58
477,api-fd.dutils.com,58
478,sdk-open-phone.getui.com,58
479,adashbc.ut.taobao.com,58
480,adashbc.ut.taobao.com,58
482,ido.getui.net,58
483,ido.getui.net,58
484,m.mpl.dutils.com,58
485,ido.getui.net,58
486,ido.getui.net,58
487,adashbc.ut.taobao.com,58
488,adashbc.ut.taobao.com,58
489,pic2.58cdn.com.cn,58
490,pic2.58cdn.com.cn,58
491,pic2.58cdn.com.cn,58
492,pic2.58cdn.com.cn,58
493,ido.getui.net,58
494,ido.getui.net,58
495,adashbc.ut.taobao.com,58
496,apiwmda.58.com.cn,58
497,app.58.com,58
498,unionx.58.com,58
499,appwos.58.com,58
500,app.58.com,58
501,appwos.58.com,58
502,app.58.com,58
503,app.58.com,58
504,pic2.58cdn.com.cn,58
505,a.58cdn.com.cn,58
506,a.58cdn.com.cn,58
507,pic2.58cdn.com.cn,58
508,a.58cdn.com.cn,58
509,pic2.58cdn.com.cn,58
510,a.58cdn.com.cn,58
511,a.58cdn.com.cn,58
512,wos.58cdn.com.cn,58
513,pic6.58cdn.com.cn,58
514,live.58.com,58
515,app.58.com,58
516,wos.58cdn.com.cn,58
517,wos.58cdn.com.cn,58
518,app.58.com,58
519,app.58.com,58
520,a.58cdn.com.cn,58
521,a.58cdn.com.cn,58
522,a.58cdn.com.cn,58
523,a.58cdn.com.cn,58
524,pic2.58cdn.com.cn,58
525,pic2.58cdn.com.cn,58
526,pic1.58cdn.com.cn,58
527,pic1.58cdn.com.cn,58
528,pic1.58cdn.com.cn,58
529,pic2.58cdn.com.cn,58
530,pic6.58cdn.com.cn,58
531,pic1.58cdn.com.cn,58
532,pic1.58cdn.com.cn,58
533,pic2.58cdn.com.cn,58
534,pic2.58cdn.com.cn,58
535,a.58cdn.com.cn,58
536,a.58cdn.com.cn,58
537,a.58cdn.com.cn,58
538,a.58cdn.com.cn,58
539,a.58cdn.com.cn,58
540,a.58cdn.com.cn,58
541,pic3.58cdn.com.cn,58
542,pic4.58cdn.com.cn,58
543,pic1.58cdn.com.cn,58
544,pic4.58cdn.com.cn,58
545,pic4.58cdn.com.cn,58
546,wos.58cdn.com.cn,58
547,pic3.58cdn.com.cn,58
548,wos.58cdn.com.cn,58
549,tracklog.58.com,58
550,tracklog.58.com,58
551,nrad.58.com,58
552,nrad.58.com,58
553,nrad.58.com,58
554,tracklog.58.com,58
555,tracklog.58.com,58
556,nrad.58.com,58
557,app.58.com,58
558,a.58cdn.com.cn,58
559,pic1.58cdn.com.cn,58
560,pic3.58cdn.com.cn,58
561,pic7.58cdn.com.cn,58
562,app.58.com,58
563,app.58.com,58
564,app.58.com,58
565,a.58cdn.com.cn,58
566,pic3.58cdn.com.cn,58
567,pic8.58cdn.com.cn,58
568,pic6.58cdn.com.cn,58
569,pic5.58cdn.com.cn,58
570,pic5.58cdn.com.cn,58
571,pic2.58cdn.com.cn,58
572,tracklog.58.com,58
573,app.58.com,58
574,wos.58cdn.com.cn,58
575,tracklog.58.com,58
576,tracklog.58.com,58
577,tracklog.58.com,58
578,pic1.58cdn.com.cn,58
579,tracklog.58.com,58
580,pic3.58cdn.com.cn,58
581,app.58.com,58
582,tracklog.58.com,58
583,app.58.com,58
584,tracklog.58.com,58
585,adx.58.com,58
586,tracklog.58.com,58
587,tracklog.58.com,58
588,tracklog.58.com,58
589,tzbl.58.com,58
590,tracklog.58.com,58
591,tracklog.58.com,58
592,pic1.58cdn.com.cn,58
593,tracklog.58.com,58
594,tracklog.58.com,58
595,wos.58cdn.com.cn,58
596,a.58cdn.com.cn,58
597,adxtrack.58.com,58
598,pcp.58.com,58
599,dsptrack.58.com,58
600,tracklog.58.com,58
601,tracklog.58.com,58
602,app.58.com,58
603,tracklog.58.com,58
604,wos.58cdn.com.cn,58
605,pic6.58cdn.com.cn,58
606,pic7.58cdn.com.cn,58
607,tracklog.58.com,58
608,tracklog.58.com,58
609,app.58.com,58
610,tracklog.58.com,58
611,tracklog.58.com,58
612,tracklog.58.com,58
613,tracklog.58.com,58
614,ido.getui.net,58
615,ido.getui.net,58
616,tracklog.58.com,58
617,m.mpl.dutils.com,58
618,tracklog.58.com,58
619,tracklog.58.com,58
620,app.58.com,58
621,tracklog.58.com,58
622,tracklog.58.com,58
623,tracklog.58.com,58
624,pic7.58cdn.com.cn,58
625,pic3.58cdn.com.cn,58
626,tracklog.58.com,58
627,tracklog.58.com,58
628,app.58.com,58
629,tracklog.58.com,58
630,tracklog.58.com,58
631,tracklog.58.com,58
632,tracklog.58.com,58
633,app.58.com,58
634,app.58.com,58
635,app.58.com,58
636,unionx.58.com,58
637,app.58.com,58
638,app.58.com,58
639,brandshowlog.58.com,58
640,tracklog.58.com,58
641,app.58.com,58
642,zprecommend.58.com,58
643,wos.58cdn.com.cn,58
644,wos.58cdn.com.cn,58
645,apiwmda.58.com.cn,58
646,app.58.com,58
647,app.58.com,58
648,app.58.com,58
649,app.58.com,58
650,app.58.com,58
651,ido.getui.net,58
652,zpservice.58.com,58
653,zprecommend.58.com,58
654,j1.58cdn.com.cn,58
655,pic1.58cdn.com.cn,58
656,zpvideo.58.com,58
657,zpvideo.58.com,58
658,zppoint.58.com,58
659,pic2.58cdn.com.cn,58
660,wos.58cdn.com.cn,58
661,pic1.58cdn.com.cn,58
662,pic1.58cdn.com.cn,58
663,pic1.58cdn.com.cn,58
664,pic1.58cdn.com.cn,58
665,zprecommend.58.com,58
666,zprecommend.58.com,58
667,wos.58cdn.com.cn,58
668,pic3.58cdn.com.cn,58
669,pic4.58cdn.com.cn,58
670,pic3.58cdn.com.cn,58
671,wos2.58cdn.com.cn,58
672,pic8.58cdn.com.cn,58
673,pic8.58cdn.com.cn,58
674,pic5.58cdn.com.cn,58
675,jlwebapp.58.com,58
676,jlwebapp.58.com,58
677,wos2.58cdn.com.cn,58
678,ido.getui.net,58
679,apiwmda.58.com.cn,58
680,jlwebapp.58.com,58
681,pic3.58cdn.com.cn,58
682,pic1.58cdn.com.cn,58
683,pic1.58cdn.com.cn,58
684,pic1.58cdn.com.cn,58
685,pic1.58cdn.com.cn,58
686,pic1.58cdn.com.cn,58
687,pic1.58cdn.com.cn,58
688,a.58cdn.com.cn,58
689,j1.58cdn.com.cn,58
690,j1.58cdn.com.cn,58
691,j1.58cdn.com.cn,58
692,j1.58cdn.com.cn,58
693,j1.58cdn.com.cn,58
694,j1.58cdn.com.cn,58
695,c.58cdn.com.cn,58
696,c.58cdn.com.cn,58
697,c.58cdn.com.cn,58
698,h5-cdn.58.com,58
699,a.58cdn.com.cn,58
700,jlwebapp.58.com,58
701,jlwebapp.58.com,58
702,jlwebapp.58.com,58
703,j1.58cdn.com.cn,58
704,jianli.58.com,58
705,jianli.58.com,58
706,jlwebapp.58.com,58
707,app.58.com,58
708,jianli.58.com,58
709,jlwebapp.58.com,58
710,app.58.com,58
711,app.58.com,58
712,zpcollect.58.com,58
713,pic4.58cdn.com.cn,58
714,pic1.58cdn.com.cn,58
715,zprecommend.58.com,58
716,pic1.58cdn.com.cn,58
717,pic1.58cdn.com.cn,58
718,pic1.58cdn.com.cn,58
719,zprecommend.58.com,58
720,zpcollect.58.com,58
721,pic1.58cdn.com.cn,58
722,pic1.58cdn.com.cn,58
723,pic1.58cdn.com.cn,58
724,pic1.58cdn.com.cn,58
725,pic1.58cdn.com.cn,58
726,wos.58cdn.com.cn,58
727,ido.getui.net,58
728,pic1.58cdn.com.cn,58
729,pic1.58cdn.com.cn,58
730,zpcollect.58.com,58
731,ido.getui.net,58
732,zpcollect.58.com,58
733,ido.getui.net,58
734,ido.getui.net,58
735,weixin.qq.com,58
736,ido.getui.net,58
737,ido.getui.net,58
738,ido.getui.net,58
739,ido.getui.net,58
740,m.mpl.dutils.com,58
741,ido.getui.net,58
742,ido.getui.net,58
1,android.bugly.qq.com,soul
2,android.bugly.qq.com,soul
3,fp-it.fengkongcloud.com,soul
4,media-service.soulapp.cn,soul
5,winterfell.soulapp.cn,soul
6,fingerprint.soulapp.cn,soul
7,photon-open-api.soulapp.cn,soul
8,gateway-mobile-gray.soulapp.cn,soul
9,winterfell.soulapp.cn,soul
10,api-chat.soulapp.cn,soul
11,api-chat.soulapp.cn,soul
12,api-user.soulapp.cn,soul
13,chat-live.soulapp.cn,soul
14,api-ucc.soulapp.cn,soul
15,api-user.soulapp.cn,soul
16,group-message.soulapp.cn,soul
17,insight.soulapp.cn,soul
18,b.qchannel03.cn,soul
19,a7c853.d2api.shuzilm.cn,soul
20,ssp.soulapp.cn,soul
21,img.soulapp.cn,soul
22,api.map.baidu.com,soul
23,photon-open-api.soulapp.cn,soul
24,data-collector.soulapp.cn,soul
25,android.bugly.qq.com,soul
26,api-account.soulapp.cn,soul
27,china-img.soulapp.cn,soul
28,api-user.soulapp.cn,soul
29,post.soulapp.cn,soul
30,api-a.soulapp.cn,soul
31,img.soulapp.cn,soul
32,api-a.soulapp.cn,soul
33,api-a.soulapp.cn,soul
34,api-a.soulapp.cn,soul
35,post.soulapp.cn,soul
36,api-a.soulapp.cn,soul
37,post.soulapp.cn,soul
38,route-service.soulapp.cn,soul
39,post.soulapp.cn,soul
40,post.soulapp.cn,soul
41,api-a.soulapp.cn,soul
42,fp-it.fengkongcloud.com,soul
43,winterfell.soulapp.cn,soul
44,api-a.soulapp.cn,soul
45,post.soulapp.cn,soul
46,api-a.soulapp.cn,soul
47,api-a.soulapp.cn,soul
48,api-a.soulapp.cn,soul
49,photon-open-api.soulapp.cn,soul
50,api-account.soulapp.cn,soul
51,ssp.soulapp.cn,soul
52,api-user.soulapp.cn,soul
53,api-user.soulapp.cn,soul
54,api-user.soulapp.cn,soul
55,post.soulapp.cn,soul
56,api-a.soulapp.cn,soul
57,api-user.soulapp.cn,soul
58,api-user.soulapp.cn,soul
59,ssp.soulapp.cn,soul
60,post.soulapp.cn,soul
61,post.soulapp.cn,soul
62,api-a.soulapp.cn,soul
63,api-a.soulapp.cn,soul
64,ssp.soulapp.cn,soul
65,api-user.soulapp.cn,soul
66,group-message.soulapp.cn,soul
67,api-account.soulapp.cn,soul
68,api-a.soulapp.cn,soul
69,api-user.soulapp.cn,soul
70,post.soulapp.cn,soul
71,api-a.soulapp.cn,soul
72,ssp.soulapp.cn,soul
73,photon-open-api.soulapp.cn,soul
74,photon-open-api.soulapp.cn,soul
75,api-pay.soulapp.cn,soul
76,china-img.soulapp.cn,soul
77,api-pay.soulapp.cn,soul
78,ido.gepush.com,soul
79,adt.cpatrk.net,soul
80,ap.cpatrk.net,soul
81,api-pay.soulapp.cn,soul
82,route-service.soulapp.cn,soul
83,photon-open-api.soulapp.cn,soul
84,img.soulapp.cn,soul
85,audd.shuzilm.cn,soul
86,increase-openapi.soulapp.cn,soul
87,gateway-mobile-gray.soulapp.cn,soul
88,api-a.soulapp.cn,soul
89,api-user.soulapp.cn,soul
90,api-user.soulapp.cn,soul
91,api-chat.soulapp.cn,soul
92,47.56.131.76,soul
93,47.110.187.87,soul
94,increase-openapi.soulapp.cn,soul
95,increase-openapi.soulapp.cn,soul
96,api-a.soulapp.cn,soul
97,ido.gepush.com,soul
98,china-img.soulapp.cn,soul
99,china-img.soulapp.cn,soul
100,img.soulapp.cn,soul
101,china-img.soulapp.cn,soul
102,china-img.soulapp.cn,soul
103,china-img.soulapp.cn,soul
104,china-img.soulapp.cn,soul
105,data-collector.soulapp.cn,soul
106,china-img.soulapp.cn,soul
107,china-img.soulapp.cn,soul
108,china-img.soulapp.cn,soul
109,china-img.soulapp.cn,soul
110,china-img.soulapp.cn,soul
111,china-img.soulapp.cn,soul
112,ido.gepush.com,soul
113,android.bugly.qq.com,soul
114,api-user.soulapp.cn,soul
115,china-img.soulapp.cn,soul
116,winterfell.soulapp.cn,soul
117,photon-open-api.soulapp.cn,soul
118,ido.gepush.com,soul
119,api.map.baidu.com,soul
120,data-collector.soulapp.cn,soul
121,post.soulapp.cn,soul
122,data-collector.soulapp.cn,soul
123,b-gtc.gepush.com,soul
124,47.56.131.76,soul
125,47.110.187.87,soul
126,m.mpl.dutils.com,soul
127,ido.getui.net,soul
128,data-collector.soulapp.cn,soul
129,app.58.com,soul
130,ido.gepush.com,soul
131,clientlog3.music.163.com,soul
132,clientlog3.music.163.com,soul
133,clientlog3.music.163.com,soul
134,api-account.soulapp.cn,soul
135,netapm.music.163.com,soul
136,sdk-open-phone.getui.com,soul
137,netapm.music.163.com,soul
138,netapm.music.163.com,soul
139,b.qchannel03.cn,soul
140,china-img.soulapp.cn,soul
141,china-img.soulapp.cn,soul
142,b.qchannel03.cn,soul
143,data-collector.soulapp.cn,soul
144,report.kg.qq.com,soul
145,daa.shuzilm.cn,soul
146,post.soulapp.cn,soul
147,b.qchannel03.cn,soul
148,china-img.soulapp.cn,soul
149,ido.gepush.com,soul
150,china-img.soulapp.cn,soul
171,android.rqd.qq.com,soul
174,ad.tencentmusic.com,soul
177,tangram.e.qq.com,soul
178,i.gtimg.cn,soul
179,sdk.e.qq.com,soul
180,sdk.e.qq.com,soul
181,ulogjs.gifshow.com,soul
182,ipv6.kg.qq.com,soul
183,api-a.soulapp.cn,soul
184,xs.gdt.qq.com,soul
185,xsweb.gdt.qq.com,soul
186,119.29.29.98,soul
191,data-collector.soulapp.cn,soul
197,119.29.29.98,soul
198,119.29.29.98,soul
199,182.254.116.117,soul
200,httpdns.kg.qq.com,soul
201,119.29.29.98,soul
203,119.29.29.98,soul
208,119.29.29.98,soul
214,ping.huatuo.qq.com,soul
219,api-a.soulapp.cn,soul
220,post.soulapp.cn,soul
221,post.soulapp.cn,soul
222,api-a.soulapp.cn,soul
223,api-a.soulapp.cn,soul
224,post.soulapp.cn,soul
225,api-a.soulapp.cn,soul
226,ssp.soulapp.cn,soul
227,ssp.soulapp.cn,soul
228,182.254.116.117,soul
230,china-img.soulapp.cn,soul
232,china-img.soulapp.cn,soul
233,china-img.soulapp.cn,soul
234,china-img.soulapp.cn,soul
236,220.170.92.56,soul
237,china-img.soulapp.cn,soul
238,china-img.soulapp.cn,soul
239,bsy.stream.kg.qq.com,soul
240,ws.tsmusic.kg.qq.com,soul
241,tx.stream.kg.qq.com,soul
242,ws.stream.kg.qq.com,soul
243,report.kg.qq.com,soul
244,182.254.116.117,soul
245,report.kg.qq.com,soul
246,m.mpl.dutils.com,soul
252,data-collector.soulapp.cn,soul
256,u2.a.yximgs.com,soul
258,adstats.tencentmusic.com,soul
259,b.qchannel03.cn,soul
260,ido.gepush.com,soul
261,sdk-open-phone.getui.com,soul
262,ido.gepush.com,soul
263,b-gtc.gepush.com,soul
264,b.qchannel03.cn,soul
265,data-collector.soulapp.cn,soul
266,china-img.soulapp.cn,soul
267,china-img.soulapp.cn,soul
268,china-img.soulapp.cn,soul
269,post.soulapp.cn,soul
270,china-img.soulapp.cn,soul
271,china-img.soulapp.cn,soul
272,china-img.soulapp.cn,soul
273,china-img.soulapp.cn,soul
274,china-img.soulapp.cn,soul
275,data-collector.soulapp.cn,soul
276,china-img.soulapp.cn,soul
277,china-img.soulapp.cn,soul
278,china-img.soulapp.cn,soul
279,post.soulapp.cn,soul
280,china-img.soulapp.cn,soul
281,china-img.soulapp.cn,soul
282,china-img.soulapp.cn,soul
283,china-img.soulapp.cn,soul
284,china-img.soulapp.cn,soul
285,china-img.soulapp.cn,soul
286,china-img.soulapp.cn,soul
287,china-img.soulapp.cn,soul
288,post.soulapp.cn,soul
289,ssp.soulapp.cn,soul
290,api-a.soulapp.cn,soul
291,china-img.soulapp.cn,soul
292,china-img.soulapp.cn,soul
293,post.soulapp.cn,soul
294,data-collector.soulapp.cn,soul
295,china-img.soulapp.cn,soul
296,ido.gepush.com,soul
297,clientlog3.music.163.com,soul
298,sdk-open-phone.getui.com,soul
299,sdk-open-phone.getui.com,soul
300,ido.getui.net,soul
301,ido.gepush.com,soul
302,data-collector.soulapp.cn,soul
303,adashbc.ut.taobao.com,soul
305,adashbc.ut.taobao.com,soul
306,sdk-open-phone.getui.com,soul
307,data-collector.soulapp.cn,soul
308,data-collector.soulapp.cn,soul
309,adashbc.ut.taobao.com,soul
310,ido.gepush.com,soul
311,oth.eve.mdt.qq.com:8080,soul
312,oth.eve.mdt.qq.com:8080,soul
313,sdk-open-phone.getui.com,soul
314,ido.gepush.com,soul
315,api-a.soulapp.cn,soul
316,b.qchannel03.cn,soul
317,post.soulapp.cn,soul
318,post.soulapp.cn,soul
319,b.qchannel03.cn,soul
320,api-user.soulapp.cn,soul
321,api-user.soulapp.cn,soul
322,api-user.soulapp.cn,soul
323,api-user.soulapp.cn,soul
324,data-collector.soulapp.cn,soul
325,ssp.soulapp.cn,soul
326,api-user.soulapp.cn,soul
327,api-user.soulapp.cn,soul
328,api-user.soulapp.cn,soul
329,api-user.soulapp.cn,soul
330,china-img.soulapp.cn,soul
331,china-img.soulapp.cn,soul
332,china-img.soulapp.cn,soul
333,img.soulapp.cn,soul
334,china-img.soulapp.cn,soul
335,china-img.soulapp.cn,soul
336,china-img.soulapp.cn,soul
337,data-collector.soulapp.cn,soul
338,china-img.soulapp.cn,soul
339,china-img.soulapp.cn,soul
340,china-img.soulapp.cn,soul
341,china-img.soulapp.cn,soul
342,china-img.soulapp.cn,soul
343,data-collector.soulapp.cn,soul
344,ido.gepush.com,soul
345,china-img.soulapp.cn,soul
346,ido.gepush.com,soul
347,china-img.soulapp.cn,soul
348,oth.eve.mdt.qq.com:8080,soul
349,data-collector.soulapp.cn,soul
350,china-img.soulapp.cn,soul
351,china-img.soulapp.cn,soul
352,ido.getui.net,soul
353,china-img.soulapp.cn,soul
354,china-img.soulapp.cn,soul
355,api-a.soulapp.cn,soul
360,data-collector.soulapp.cn,soul
391,hb.kg.qq.com,soul
392,post.soulapp.cn,soul
393,post.soulapp.cn,soul
394,api-a.soulapp.cn,soul
395,api-a.soulapp.cn,soul
396,post.soulapp.cn,soul
397,ssp.soulapp.cn,soul
398,api-a.soulapp.cn,soul
399,ssp.soulapp.cn,soul
400,china-img.soulapp.cn,soul
401,china-img.soulapp.cn,soul
402,china-img.soulapp.cn,soul
403,china-img.soulapp.cn,soul
404,china-img.soulapp.cn,soul
405,china-img.soulapp.cn,soul
406,china-img.soulapp.cn,soul
407,china-img.soulapp.cn,soul
408,china-img.soulapp.cn,soul
409,m.mpl.dutils.com,soul
410,data-collector.soulapp.cn,soul
411,ido.gepush.com,soul
412,ido.gepush.com,soul
413,china-img.soulapp.cn,soul
414,china-img.soulapp.cn,soul
415,china-img.soulapp.cn,soul
416,china-img.soulapp.cn,soul
417,data-collector.soulapp.cn,soul
418,china-img.soulapp.cn,soul
419,china-img.soulapp.cn,soul
420,china-img.soulapp.cn,soul
421,ce3e75d5.jpush.cn,soul
422,adashbc.ut.taobao.com,soul
423,china-img.soulapp.cn,soul
424,china-img.soulapp.cn,soul
425,china-img.soulapp.cn,soul
426,china-img.soulapp.cn,soul
427,china-img.soulapp.cn,soul
428,china-img.soulapp.cn,soul
429,post.soulapp.cn,soul
430,data-collector.soulapp.cn,soul
431,china-img.soulapp.cn,soul
432,china-img.soulapp.cn,soul
433,china-img.soulapp.cn,soul
434,china-img.soulapp.cn,soul
435,china-img.soulapp.cn,soul
436,api-a.soulapp.cn,soul
437,adashbc.ut.taobao.com,soul
438,data-collector.soulapp.cn,soul
439,ido.gepush.com,soul
440,ido.gepush.com,soul
441,adashbc.ut.taobao.com,soul
442,data-collector.soulapp.cn,soul
443,edith.xiaohongshu.com,soul
444,www.xiaohongshu.com,soul
445,www.xiaohongshu.com,soul
446,data-collector.soulapp.cn,soul
447,clientlog3.music.163.com,soul
448,ido.getui.net,soul
449,data-collector.soulapp.cn,soul
450,winterfell.soulapp.cn,soul
451,ido.gepush.com,soul
452,ido.gepush.com,soul
453,data-collector.soulapp.cn,soul
454,clientlog3.music.163.com,soul
455,data-collector.soulapp.cn,soul
456,me.cpatrk.net,soul
457,data-collector.soulapp.cn,soul
458,ido.gepush.com,soul
459,ido.gepush.com,soul
460,data-collector.soulapp.cn,soul
461,china-img.soulapp.cn,soul
462,china-img.soulapp.cn,soul
463,china-img.soulapp.cn,soul
464,data-collector.soulapp.cn,soul
465,data-collector.soulapp.cn,soul
466,ido.gepush.com,soul
467,ido.getui.net,soul
468,ido.gepush.com,soul
469,data-collector.soulapp.cn,soul
470,data-collector.soulapp.cn,soul
471,china-img.soulapp.cn,soul
472,china-img.soulapp.cn,soul
473,post.soulapp.cn,soul
474,ssp.soulapp.cn,soul
475,china-img.soulapp.cn,soul
477,post.soulapp.cn,soul
478,china-img.soulapp.cn,soul
479,china-img.soulapp.cn,soul
480,china-img.soulapp.cn,soul
482,api-a.soulapp.cn,soul
483,data-collector.soulapp.cn,soul
484,china-img.soulapp.cn,soul
485,china-img.soulapp.cn,soul
486,ido.gepush.com,soul
487,china-img.soulapp.cn,soul
488,china-img.soulapp.cn,soul
489,ido.gepush.com,soul
490,china-img.soulapp.cn,soul
491,china-img.soulapp.cn,soul
492,china-img.soulapp.cn,soul
493,china-img.soulapp.cn,soul
494,data-collector.soulapp.cn,soul
495,china-img.soulapp.cn,soul
496,china-img.soulapp.cn,soul
497,china-img.soulapp.cn,soul
498,data-collector.soulapp.cn,soul
499,post.soulapp.cn,soul
500,china-img.soulapp.cn,soul
501,data-collector.soulapp.cn,soul
502,ido.gepush.com,soul
503,api-a.soulapp.cn,soul
504,china-img.soulapp.cn,soul
505,china-img.soulapp.cn,soul
506,ido.gepush.com,soul
507,data-collector.soulapp.cn,soul
508,ido.getui.net,soul
509,china-img.soulapp.cn,soul
510,china-img.soulapp.cn,soul
511,china-img.soulapp.cn,soul
512,post.soulapp.cn,soul
513,ssp.soulapp.cn,soul
514,data-collector.soulapp.cn,soul
515,china-img.soulapp.cn,soul
516,china-img.soulapp.cn,soul
517,china-img.soulapp.cn,soul
518,china-img.soulapp.cn,soul
519,china-img.soulapp.cn,soul
520,data-collector.soulapp.cn,soul
521,post.soulapp.cn,soul
522,china-img.soulapp.cn,soul
523,china-img.soulapp.cn,soul
524,china-img.soulapp.cn,soul
525,ido.gepush.com,soul
526,netapm.music.163.com,soul
527,ido.gepush.com,soul
528,ssp.soulapp.cn,soul
529,api-a.soulapp.cn,soul
530,data-collector.soulapp.cn,soul
531,data-collector.soulapp.cn,soul
532,data-collector.soulapp.cn,soul
533,ido.gepush.com,soul
534,ido.gepush.com,soul
535,data-collector.soulapp.cn,soul
536,data-collector.soulapp.cn,soul
537,ido.getui.net,soul
538,data-collector.soulapp.cn,soul
539,ido.gepush.com,soul
540,ido.gepush.com,soul
541,data-collector.soulapp.cn,soul
542,data-collector.soulapp.cn,soul
543,data-collector.soulapp.cn,soul
544,ido.gepush.com,soul
545,ido.gepush.com,soul
546,data-collector.soulapp.cn,soul
547,data-collector.soulapp.cn,soul
548,data-collector.soulapp.cn,soul
549,ido.gepush.com,soul
550,ido.getui.net,soul
551,ido.gepush.com,soul
552,data-collector.soulapp.cn,soul
553,data-collector.soulapp.cn,soul
554,data-collector.soulapp.cn,soul
555,ido.gepush.com,soul
556,ido.gepush.com,soul
557,data-collector.soulapp.cn,soul
558,weixin.qq.com,soul
559,data-collector.soulapp.cn,soul
560,data-collector.soulapp.cn,soul
561,m.mpl.dutils.com,soul
562,ido.gepush.com,soul
563,ido.gepush.com,soul
564,data-collector.soulapp.cn,soul
565,ido.getui.net,soul
566,data-collector.soulapp.cn,soul
567,android.bugly.qq.com,soul
568,data-collector.soulapp.cn,soul
569,ido.gepush.com,soul
570,ido.gepush.com,soul
571,data-collector.soulapp.cn,soul
572,data-collector.soulapp.cn,soul
573,data-collector.soulapp.cn,soul
574,ido.gepush.com,soul
575,ido.gepush.com,soul
576,media-service.soulapp.cn,soul
577,gateway-mobile-gray.soulapp.cn,soul
578,b.qchannel03.cn,soul
579,data-collector.soulapp.cn,soul
580,sdk-open-phone.getui.com,soul
581,ido.getui.net,soul
582,sdk-open-phone.getui.com,soul
583,ido.gepush.com,soul
584,ido.gepush.com,soul
585,adt.cpatrk.net,soul
586,ap.cpatrk.net,soul
587,ido.gepush.com,soul
588,ido.gepush.com,soul
589,ido.gepush.com,soul
590,ido.gepush.com,soul
591,me.cpatrk.net,soul
592,ido.getui.net,soul
620,ido.gepush.com,soul
628,b.qchannel03.cn,soul
629,api-ucc.soulapp.cn,soul
630,ap.cpatrk.net,soul
631,adt.cpatrk.net,soul
632,ssp.soulapp.cn,soul
633,ssp.soulapp.cn,soul
637,api-user.soulapp.cn,soul
638,api-a.soulapp.cn,soul
639,data-collector.soulapp.cn,soul
640,post.soulapp.cn,soul
641,ido.gepush.com,soul
642,data-collector.soulapp.cn,soul
643,api-a.soulapp.cn,soul
644,china-img.soulapp.cn,soul
645,post.soulapp.cn,soul
646,china-img.soulapp.cn,soul
647,china-img.soulapp.cn,soul
648,china-img.soulapp.cn,soul
649,china-img.soulapp.cn,soul
650,ido.gepush.com,soul
651,data-collector.soulapp.cn,soul
652,api-a.soulapp.cn,soul
653,china-img.soulapp.cn,soul
654,china-img.soulapp.cn,soul
676,data-collector.soulapp.cn,soul
705,api-a.soulapp.cn,soul
707,api-user.soulapp.cn,soul
709,api-user.soulapp.cn,soul
710,group-message.soulapp.cn,soul
711,open-platform-portal.soulapp.cn,soul
712,data-collector.soulapp.cn,soul
720,group-message.soulapp.cn,soul
744,ido.gepush.com,soul
746,data-collector.soulapp.cn,soul
752,api-user.soulapp.cn,soul
753,api-a.soulapp.cn,soul
755,api-user.soulapp.cn,soul
756,api-user.soulapp.cn,soul
757,api-user.soulapp.cn,soul
758,api-user.soulapp.cn,soul
759,api-user.soulapp.cn,soul
760,api-a.soulapp.cn,soul
761,api-a.soulapp.cn,soul
762,api-user.soulapp.cn,soul
763,api-user.soulapp.cn,soul
764,api-user.soulapp.cn,soul
766,api-pay.soulapp.cn,soul
768,chat-live.soulapp.cn,soul
769,api-a.soulapp.cn,soul
770,chat-live.soulapp.cn,soul
771,china-img.soulapp.cn,soul
772,china-img.soulapp.cn,soul
773,china-img.soulapp.cn,soul
774,china-img.soulapp.cn,soul
775,china-img.soulapp.cn,soul
776,china-img.soulapp.cn,soul
777,china-img.soulapp.cn,soul
778,api-user.soulapp.cn,soul
779,china-img.soulapp.cn,soul
780,china-img.soulapp.cn,soul
785,china-img.soulapp.cn,soul
786,china-img.soulapp.cn,soul
787,china-img.soulapp.cn,soul
788,china-img.soulapp.cn,soul
789,china-img.soulapp.cn,soul
790,china-img.soulapp.cn,soul
791,china-img.soulapp.cn,soul
792,china-img.soulapp.cn,soul
794,china-img.soulapp.cn,soul
796,china-img.soulapp.cn,soul
797,china-img.soulapp.cn,soul
798,china-img.soulapp.cn,soul
799,china-img.soulapp.cn,soul
800,china-img.soulapp.cn,soul
801,china-img.soulapp.cn,soul
804,china-img.soulapp.cn,soul
805,china-img.soulapp.cn,soul
806,china-img.soulapp.cn,soul
807,china-img.soulapp.cn,soul
808,china-img.soulapp.cn,soul
809,china-img.soulapp.cn,soul
810,china-img.soulapp.cn,soul
811,china-img.soulapp.cn,soul
812,china-img.soulapp.cn,soul
813,china-img.soulapp.cn,soul
814,china-img.soulapp.cn,soul
816,china-img.soulapp.cn,soul
817,china-img.soulapp.cn,soul
818,china-img.soulapp.cn,soul
819,china-img.soulapp.cn,soul
826,china-img.soulapp.cn,soul
828,china-img.soulapp.cn,soul
829,china-img.soulapp.cn,soul
830,china-img.soulapp.cn,soul
831,china-img.soulapp.cn,soul
833,china-img.soulapp.cn,soul
835,china-img.soulapp.cn,soul
836,china-img.soulapp.cn,soul
837,china-img.soulapp.cn,soul
847,api-user.soulapp.cn,soul
854,ido.gepush.com,soul
856,data-collector.soulapp.cn,soul
857,api-a.soulapp.cn,soul
858,api-user.soulapp.cn,soul
859,china-img.soulapp.cn,soul
860,china-img.soulapp.cn,soul
861,data-collector.soulapp.cn,soul
862,ido.getui.net,soul
863,post.soulapp.cn,soul
864,api-user.soulapp.cn,soul
865,ssp.soulapp.cn,soul
866,post.soulapp.cn,soul
867,post.soulapp.cn,soul
868,ssp.soulapp.cn,soul
869,china-img.soulapp.cn,soul
870,china-img.soulapp.cn,soul
871,china-img.soulapp.cn,soul
872,china-img.soulapp.cn,soul
873,china-img.soulapp.cn,soul
874,china-img.soulapp.cn,soul
875,china-img.soulapp.cn,soul
876,china-img.soulapp.cn,soul
877,post.soulapp.cn,soul
878,china-img.soulapp.cn,soul
879,china-img.soulapp.cn,soul
880,ido.gepush.com,soul
881,data-collector.soulapp.cn,soul
882,api-a.soulapp.cn,soul
883,ido.gepush.com,soul
884,data-collector.soulapp.cn,soul
885,post.soulapp.cn,soul
886,post.soulapp.cn,soul
887,china-img.soulapp.cn,soul
888,api-a.soulapp.cn,soul
889,china-img.soulapp.cn,soul
890,api-a.soulapp.cn,soul
891,post.soulapp.cn,soul
892,ssp.soulapp.cn,soul
893,api-a.soulapp.cn,soul
894,ssp.soulapp.cn,soul
895,china-img.soulapp.cn,soul
896,china-img.soulapp.cn,soul
897,china-img.soulapp.cn,soul
898,china-img.soulapp.cn,soul
899,china-img.soulapp.cn,soul
900,china-img.soulapp.cn,soul
901,china-img.soulapp.cn,soul
902,china-img.soulapp.cn,soul
903,post.soulapp.cn,soul
904,china-img.soulapp.cn,soul
905,china-img.soulapp.cn,soul
906,data-collector.soulapp.cn,soul
907,api-a.soulapp.cn,soul
908,china-img.soulapp.cn,soul
909,china-img.soulapp.cn,soul
910,ido.gepush.com,soul
911,data-collector.soulapp.cn,soul
912,ido.gepush.com,soul
913,data-collector.soulapp.cn,soul
920,post.soulapp.cn,soul
921,post.soulapp.cn,soul
922,api-a.soulapp.cn,soul
923,post.soulapp.cn,soul
924,api-a.soulapp.cn,soul
925,ssp.soulapp.cn,soul
926,api-a.soulapp.cn,soul
927,china-img.soulapp.cn,soul
928,post.soulapp.cn,soul
959,post.soulapp.cn,soul
960,api-a.soulapp.cn,soul
961,api-a.soulapp.cn,soul
966,post.soulapp.cn,soul
967,ssp.soulapp.cn,soul
968,ssp.soulapp.cn,soul
969,post.soulapp.cn,soul
976,china-img.soulapp.cn,soul
978,china-img.soulapp.cn,soul
979,china-img.soulapp.cn,soul
984,china-img.soulapp.cn,soul
985,china-img.soulapp.cn,soul
990,data-collector.soulapp.cn,soul
996,china-img.soulapp.cn,soul
998,china-img.soulapp.cn,soul
1044,ido.gepush.com,soul
1045,data-collector.soulapp.cn,soul
1050,ido.getui.net,soul
1076,china-img.soulapp.cn,soul
1077,china-img.soulapp.cn,soul
1084,ido.gepush.com,soul
1086,api-a.soulapp.cn,soul
1088,data-collector.soulapp.cn,soul
1099,china-img.soulapp.cn,soul
1105,post.soulapp.cn,soul
1108,china-img.soulapp.cn,soul
1112,data-collector.soulapp.cn,soul
1113,api-a.soulapp.cn,soul
1114,china-img.soulapp.cn,soul
1115,china-img.soulapp.cn,soul
1116,ido.gepush.com,soul
1117,data-collector.soulapp.cn,soul
1118,ido.gepush.com,soul
1119,api-user.soulapp.cn,soul
1120,post.soulapp.cn,soul
1121,api-user.soulapp.cn,soul
1122,api-user.soulapp.cn,soul
1123,api-user.soulapp.cn,soul
1124,post.soulapp.cn,soul
1125,china-img.soulapp.cn,soul
1126,china-img.soulapp.cn,soul
1127,china-img.soulapp.cn,soul
1128,china-img.soulapp.cn,soul
1129,api-user.soulapp.cn,soul
1130,api-user.soulapp.cn,soul
1131,api-user.soulapp.cn,soul
1132,api-user.soulapp.cn,soul
1133,data-collector.soulapp.cn,soul
1134,post.soulapp.cn,soul
1135,api-a.soulapp.cn,soul
1136,data-collector.soulapp.cn,soul
1137,ido.gepush.com,soul
1138,data-collector.soulapp.cn,soul
1139,ido.gepush.com,soul
1140,data-collector.soulapp.cn,soul
1141,ido.getui.net,soul
1142,data-collector.soulapp.cn,soul
1143,ido.gepush.com,soul
1144,data-collector.soulapp.cn,soul
1145,ido.gepush.com,soul
1146,data-collector.soulapp.cn,soul
1147,me.cpatrk.net,soul
1148,data-collector.soulapp.cn,soul
1149,data-collector.soulapp.cn,soul
1150,ido.gepush.com,soul
1151,ido.gepush.com,soul
1152,data-collector.soulapp.cn,soul
1153,data-collector.soulapp.cn,soul
1154,ido.getui.net,soul
1155,ido.gepush.com,soul
1156,data-collector.soulapp.cn,soul
1157,ido.gepush.com,soul
1158,data-collector.soulapp.cn,soul
1159,post.soulapp.cn,soul
1160,china-img.soulapp.cn,soul
1161,api-a.soulapp.cn,soul
1162,china-img.soulapp.cn,soul
1163,china-img.soulapp.cn,soul
1164,post.soulapp.cn,soul
1165,ssp.soulapp.cn,soul
1166,china-img.soulapp.cn,soul
1167,china-img.soulapp.cn,soul
1168,china-img.soulapp.cn,soul
1169,china-img.soulapp.cn,soul
1170,china-img.soulapp.cn,soul
1171,data-collector.soulapp.cn,soul
1172,china-img.soulapp.cn,soul
1173,china-img.soulapp.cn,soul
1174,china-img.soulapp.cn,soul
1175,china-img.soulapp.cn,soul
1176,ido.gepush.com,soul
1177,data-collector.soulapp.cn,soul
1178,ido.gepush.com,soul
1179,china-img.soulapp.cn,soul
1180,post.soulapp.cn,soul
1181,china-img.soulapp.cn,soul
1182,api-a.soulapp.cn,soul
1183,china-img.soulapp.cn,soul
1184,china-img.soulapp.cn,soul
1185,data-collector.soulapp.cn,soul
1186,china-img.soulapp.cn,soul
1187,img.soulapp.cn,soul
1188,img.soulapp.cn,soul
1189,img.soulapp.cn,soul
1190,img.soulapp.cn,soul
1191,china-img.soulapp.cn,soul
1192,data-collector.soulapp.cn,soul
1193,china-img.soulapp.cn,soul
1194,china-img.soulapp.cn,soul
1195,post.soulapp.cn,soul
1196,ssp.soulapp.cn,soul
1197,china-img.soulapp.cn,soul
1198,hb.kg.qq.com,soul
1199,hb.kg.qq.com,soul
1200,hb.kg.qq.com,soul
1201,post.soulapp.cn,soul
1202,post.soulapp.cn,soul
1203,api-a.soulapp.cn,soul
1204,winterfell.soulapp.cn,soul
1205,post.soulapp.cn,soul
1206,api-a.soulapp.cn,soul
1207,ssp.soulapp.cn,soul
1208,api-a.soulapp.cn,soul
1209,ssp.soulapp.cn,soul
1210,china-img.soulapp.cn,soul
1211,china-img.soulapp.cn,soul
1212,china-img.soulapp.cn,soul
1213,china-img.soulapp.cn,soul
1214,ido.gepush.com,soul
1215,data-collector.soulapp.cn,soul
1216,ido.getui.net,soul
1217,ido.gepush.com,soul
1218,china-img.soulapp.cn,soul
1219,china-img.soulapp.cn,soul
1220,china-img.soulapp.cn,soul
1221,china-img.soulapp.cn,soul
1222,china-img.soulapp.cn,soul
1223,china-img.soulapp.cn,soul
1224,china-img.soulapp.cn,soul
1225,data-collector.soulapp.cn,soul
1226,china-img.soulapp.cn,soul
1227,china-img.soulapp.cn,soul
1228,china-img.soulapp.cn,soul
1229,post.soulapp.cn,soul
1230,data-collector.soulapp.cn,soul
1231,api-user.soulapp.cn,soul
1232,post.soulapp.cn,soul
1233,api-user.soulapp.cn,soul
1234,api-user.soulapp.cn,soul
1235,api-user.soulapp.cn,soul
1236,post.soulapp.cn,soul
1237,china-img.soulapp.cn,soul
1238,china-img.soulapp.cn,soul
1239,api-user.soulapp.cn,soul
1240,api-user.soulapp.cn,soul
1241,api-user.soulapp.cn,soul
1242,api-user.soulapp.cn,soul
1243,ido.gepush.com,soul
1244,data-collector.soulapp.cn,soul
1245,ido.gepush.com,soul
1246,china-img.soulapp.cn,soul
1247,data-collector.soulapp.cn,soul
1248,data-collector.soulapp.cn,soul
1249,ido.gepush.com,soul
1250,data-collector.soulapp.cn,soul
1251,ido.gepush.com,soul
1252,post.soulapp.cn,soul
1253,data-collector.soulapp.cn,soul
1254,ido.getui.net,soul
1255,data-collector.soulapp.cn,soul
1256,china-img.soulapp.cn,soul
1257,china-img.soulapp.cn,soul
1258,ido.gepush.com,soul
1259,data-collector.soulapp.cn,soul
1260,ido.gepush.com,soul
1261,china-img.soulapp.cn,soul
1262,china-img.soulapp.cn,soul
1263,china-img.soulapp.cn,soul
1264,china-img.soulapp.cn,soul
1265,data-collector.soulapp.cn,soul
1266,china-img.soulapp.cn,soul
1267,china-img.soulapp.cn,soul
1268,post.soulapp.cn,soul
1269,china-img.soulapp.cn,soul
1270,china-img.soulapp.cn,soul
1271,china-img.soulapp.cn,soul
1272,china-img.soulapp.cn,soul
1273,china-img.soulapp.cn,soul
1274,china-img.soulapp.cn,soul
1275,china-img.soulapp.cn,soul
1276,ssp.soulapp.cn,soul
1277,ssp.soulapp.cn,soul
1278,api-a.soulapp.cn,soul
1279,data-collector.soulapp.cn,soul
1280,data-collector.soulapp.cn,soul
1281,ido.gepush.com,soul
1282,ido.gepush.com,soul
1283,data-collector.soulapp.cn,soul
1323,data-collector.soulapp.cn,soul
1343,ido.getui.net,soul
1361,ido.gepush.com,soul
1362,data-collector.soulapp.cn,soul
1389,ido.gepush.com,soul
1422,hb.kg.qq.com,soul
1423,hb.kg.qq.com,soul
1424,data-collector.soulapp.cn,soul
1452,hb.kg.qq.com,soul
1459,data-collector.soulapp.cn,soul
1493,data-collector.soulapp.cn,soul
1494,ido.gepush.com,soul
1495,ido.gepush.com,soul
1496,data-collector.soulapp.cn,soul
1497,data-collector.soulapp.cn,soul
1498,ido.gepush.com,soul
1499,data-collector.soulapp.cn,soul
1500,ido.getui.net,soul
1501,ido.gepush.com,soul
1502,data-collector.soulapp.cn,soul
1503,data-collector.soulapp.cn,soul
1504,ido.gepush.com,soul
1505,data-collector.soulapp.cn,soul
1506,ido.gepush.com,soul
1507,data-collector.soulapp.cn,soul
1508,data-collector.soulapp.cn,soul
1509,data-collector.soulapp.cn,soul
1,mbd.baidu.com,Baidu
3,httpsdns.baidu.com,Baidu
4,mbd.baidu.com,Baidu
5,httpsdns.baidu.com,Baidu
6,pn.baidu.com,Baidu
7,h2tcbox.baidu.com,Baidu
8,httpsdns.baidu.com,Baidu
9,pics0.baidu.com,Baidu
10,h2tcbox.baidu.com,Baidu
11,h2tcbox.baidu.com,Baidu
12,mbd.baidu.com,Baidu
13,f7.baidu.com,Baidu
14,mbd.baidu.com,Baidu
15,als.baidu.com,Baidu
16,sofire.baidu.com,Baidu
17,mbd.baidu.com,Baidu
18,m.baidu.com,Baidu
19,nsclick.baidu.com,Baidu
20,wappass.bdimg.com,Baidu
21,wappass.baidu.com,Baidu
22,sofire.baidu.com,Baidu
23,sofire.baidu.com,Baidu
24,nsclick.baidu.com,Baidu
25,f7.baidu.com,Baidu
26,h2tcbox.baidu.com,Baidu
27,h2tcbox.baidu.com,Baidu
28,api1.tuisong.baidu.com,Baidu
29,mbd.baidu.com,Baidu
30,sofire.baidu.com,Baidu
31,pimlog.baidu.com,Baidu
32,mbd.baidu.com,Baidu
33,httpsdns.baidu.com,Baidu
34,sofire.baidu.com,Baidu
36,pim.baidu.com,Baidu
37,sofire.baidu.com,Baidu
38,httpsdns.baidu.com,Baidu
39,httpdns.baidubce.com,Baidu
40,als.baidu.com,Baidu
41,browserkernel.baidu.com,Baidu
42,browserkernel.baidu.com,Baidu
43,browserkernel.baidu.com,Baidu
44,nsclick.baidu.com,Baidu
45,sofire.baidu.com,Baidu
46,httpsdns.baidu.com,Baidu
47,httpsdns.baidu.com,Baidu
49,httpsdns.baidu.com,Baidu
50,httpsdns.baidu.com,Baidu
51,sofire.baidu.com,Baidu
53,sofire.baidu.com,Baidu
54,mbd.baidu.com,Baidu
55,sofire.baidu.com,Baidu
56,als.baidu.com,Baidu
57,h2tcbox.baidu.com,Baidu
61,httpsdns.baidu.com,Baidu
62,afdconf.baidu.com,Baidu
63,httpsdns.baidu.com,Baidu
64,bz-ipdx.baidu.com,Baidu
65,api1.tuisong.baidu.com,Baidu
66,userident.baidu.com,Baidu
67,httpsdns.baidu.com,Baidu
68,baidu-mipdx.cn.miaozhen.com,Baidu
69,httpsdns.baidu.com,Baidu
70,httpsdns.baidu.com,Baidu
71,pan.baidu.com,Baidu
72,sofire.baidu.com,Baidu
73,graph.baidu.com,Baidu
74,mbd.baidu.com,Baidu
75,h2tcbox.baidu.com,Baidu
76,b.bdstatic.com,Baidu
77,b.bdstatic.com,Baidu
78,httpsdns.baidu.com,Baidu
79,appc.baidu.com,Baidu
80,mbdp02.bdstatic.com,Baidu
81,sofire.baidu.com,Baidu
82,sofire.baidu.com,Baidu
83,appc.baidu.com,Baidu
84,mbd.baidu.com,Baidu
85,bdbus-turbonet.baidu.com,Baidu
86,httpsdns.baidu.com,Baidu
87,b.bdstatic.com,Baidu
88,sofire.baidu.com,Baidu
89,searchbox.cdn.bcebos.com,Baidu
90,searchbox.cdn.bcebos.com,Baidu
91,h2tcbox.baidu.com,Baidu
92,httpsdns.baidu.com,Baidu
94,mbd.baidu.com,Baidu
96,h2tcbox.baidu.com,Baidu
97,httpsdns.baidu.com,Baidu
98,minipro.baidu.com,Baidu
99,minipro.baidu.com,Baidu
100,minipro.baidu.com,Baidu
101,spcsz.cdn.bcebos.com,Baidu
102,spcbj.cdn.bcebos.com,Baidu
103,spcbj.cdn.bcebos.com,Baidu
107,sofire.baidu.com,Baidu
108,nsclick.baidu.com,Baidu
109,passport.baidu.com,Baidu
110,h2tcbox.baidu.com,Baidu
111,httpsdns.baidu.com,Baidu
112,sofire.baidu.com,Baidu
113,pn.baidu.com,Baidu
114,pics1.baidu.com,Baidu
115,pics1.baidu.com,Baidu
116,pics1.baidu.com,Baidu
117,pics1.baidu.com,Baidu
118,f7.baidu.com,Baidu
119,spcbj.cdn.bcebos.com,Baidu
120,pms-cdn.bdstatic.com,Baidu
121,spcbj.cdn.bcebos.com,Baidu
122,pms-cdn.bdstatic.com,Baidu
123,pms-cdn.bdstatic.com,Baidu
124,pms-cdn.bdstatic.com,Baidu
125,httpsdns.baidu.com,Baidu
126,httpsdns.baidu.com,Baidu
128,pms-cdn.bdstatic.com,Baidu
130,sofire.baidu.com,Baidu
131,nsclick.baidu.com,Baidu
132,h2tcbox.baidu.com,Baidu
133,mbdcdn.bdstatic.com,Baidu
134,mbdcdn.bdstatic.com,Baidu
135,mbdcdn.bdstatic.com,Baidu
136,mbdcdn.bdstatic.com,Baidu
137,mbdcdn.bdstatic.com,Baidu
138,mbdcdn.bdstatic.com,Baidu
139,pms-cdn.bdstatic.com,Baidu
140,pms-cdn.bdstatic.com,Baidu
141,sofire.baidu.com,Baidu
142,pms-cdn.bdstatic.com,Baidu
143,httpsdns.baidu.com,Baidu
144,h2tcbox.baidu.com,Baidu
145,pms-zeus-xcdn.bdstatic.com,Baidu
147,browserkernel.baidu.com,Baidu
148,nsclick.baidu.com,Baidu
150,httpsdns.baidu.com,Baidu
151,h2tcbox.baidu.com,Baidu
153,pms-cdn.bdstatic.com,Baidu
154,httpsdns.baidu.com,Baidu
155,httpsdns.baidu.com,Baidu
156,pms-cdn.bdstatic.com,Baidu
157,h2tcbox.baidu.com,Baidu
158,pms-cdn.bdstatic.com,Baidu
159,httpsdns.baidu.com,Baidu
160,httpsdns.baidu.com,Baidu
161,httpsdns.baidu.com,Baidu
162,pms-cdn.bdstatic.com,Baidu
163,httpsdns.baidu.com,Baidu
164,browserkernel.baidu.com,Baidu
165,pms-cdn.bdstatic.com,Baidu
166,pms-cdn.bdstatic.com,Baidu
167,mbd.baidu.com,Baidu
168,spcbj.cdn.bcebos.com,Baidu
169,httpsdns.baidu.com,Baidu
170,pms-cdn.bdstatic.com,Baidu
172,pms-cdn.bdstatic.com,Baidu
173,pms-cdn.bdstatic.com,Baidu
174,pms-cdn.bdstatic.com,Baidu
175,pms-cdn.bdstatic.com,Baidu
176,pms-cdn.bdstatic.com,Baidu
177,spcbj.cdn.bcebos.com,Baidu
178,pms-cdn.bdstatic.com,Baidu
179,sofire.baidu.com,Baidu
180,pms-cdn.bdstatic.com,Baidu
181,pms-cdn.bdstatic.com,Baidu
182,browserkernel.baidu.com,Baidu
183,mbd.baidu.com,Baidu
184,httpsdns.baidu.com,Baidu
185,pms-cdn.bdstatic.com,Baidu
186,h2tcbox.baidu.com,Baidu
188,sofire.baidu.com,Baidu
189,vd3.bdstatic.com,Baidu
190,vd4.bdstatic.com,Baidu
191,pms-cdn.bdstatic.com,Baidu
192,pms-cdn.bdstatic.com,Baidu
193,pms-cdn.bdstatic.com,Baidu
194,pms-cdn.bdstatic.com,Baidu
195,pms-cdn.bdstatic.com,Baidu
196,pms-cdn.bdstatic.com,Baidu
197,pms-cdn.bdstatic.com,Baidu
198,pms-cdn.bdstatic.com,Baidu
200,httpsdns.baidu.com,Baidu
201,pics0.baidu.com,Baidu
202,h2mbd.baidu.com,Baidu
203,pics0.baidu.com,Baidu
204,pics0.baidu.com,Baidu
205,h2tcbox.baidu.com,Baidu
206,h2mbd.baidu.com,Baidu
207,pics0.baidu.com,Baidu
208,mbdcdn.bdstatic.com,Baidu
209,pics0.baidu.com,Baidu
210,pics0.baidu.com,Baidu
211,mbdcdn.bdstatic.com,Baidu
212,f7.baidu.com,Baidu
213,als.baidu.com,Baidu
214,mbdcdn.bdstatic.com,Baidu
215,vd3.bdstatic.com,Baidu
216,h2mbd.baidu.com,Baidu
217,h2mbd.baidu.com,Baidu
218,h2tcbox.baidu.com,Baidu
219,mbd.baidu.com,Baidu
220,mbdp02.bdstatic.com,Baidu
221,mbdp02.bdstatic.com,Baidu
222,gips0.baidu.com,Baidu
223,mbd.baidu.com,Baidu
224,mbd.baidu.com,Baidu
225,mbdp02.bdstatic.com,Baidu
226,hpd.baidu.com,Baidu
227,himg.bdimg.com,Baidu
228,himg.bdimg.com,Baidu
229,himg.bdimg.com,Baidu
230,himg.bdimg.com,Baidu
231,www.baidu.com,Baidu
232,h2tcbox.baidu.com,Baidu
233,dlswbr.baidu.com,Baidu
234,ext.baidu.com,Baidu
235,ext.baidu.com,Baidu
236,pics1.baidu.com,Baidu
237,pics1.baidu.com,Baidu
238,pics2.baidu.com,Baidu
239,pics2.baidu.com,Baidu
240,pics2.baidu.com,Baidu
241,mbd.baidu.com,Baidu
242,mbd.baidu.com,Baidu
243,mbd.baidu.com,Baidu
244,mbd.baidu.com,Baidu
245,mbd.baidu.com,Baidu
246,b.bdstatic.com,Baidu
247,b.bdstatic.com,Baidu
248,b.bdstatic.com,Baidu
249,mbdp02.bdstatic.com,Baidu
250,bkimg.cdn.bcebos.com,Baidu
251,t10.baidu.com,Baidu
252,t10.baidu.com,Baidu
253,bkimg.cdn.bcebos.com,Baidu
254,mbd.baidu.com,Baidu
256,bkimg.cdn.bcebos.com,Baidu
257,mbd.baidu.com,Baidu
258,t12.baidu.com,Baidu
259,ext.baidu.com,Baidu
260,ext.baidu.com,Baidu
261,ext.baidu.com,Baidu
262,ext.baidu.com,Baidu
263,ext.baidu.com,Baidu
264,mbd.baidu.com,Baidu
265,openrcv.baidu.com,Baidu
266,mbd.baidu.com,Baidu
267,miao.baidu.com,Baidu
269,miao.baidu.com,Baidu
270,hmma.baidu.com,Baidu
271,mbd.baidu.com,Baidu
272,h2tcbox.baidu.com,Baidu
273,nsclick.baidu.com,Baidu
274,sofire.baidu.com,Baidu
275,mbd.baidu.com,Baidu
276,mbd.baidu.com,Baidu
277,m.baidu.com,Baidu
278,h2tcbox.baidu.com,Baidu
279,h2tcbox.baidu.com,Baidu
280,f7.baidu.com,Baidu
281,h2mbd.baidu.com,Baidu
282,mbd.baidu.com,Baidu
283,vd3.bdstatic.com,Baidu
284,f7.baidu.com,Baidu
285,f7.baidu.com,Baidu
286,browserkernel.baidu.com,Baidu
287,f7.baidu.com,Baidu
288,vd3.bdstatic.com,Baidu
289,mbdcdn.bdstatic.com,Baidu
290,vd3.bdstatic.com,Baidu
291,h2mbd.baidu.com,Baidu
292,bdbus-turbonet.baidu.com,Baidu
293,h2tcbox.baidu.com,Baidu
294,h2tcbox.baidu.com,Baidu
295,h2tcbox.baidu.com,Baidu
296,h-adashx.ut.taobao.com,Baidu
297,h-adashx.ut.taobao.com,Baidu
298,h-adashx.ut.taobao.com,Baidu
299,als.baidu.com,Baidu
300,mbd.baidu.com,Baidu
301,httpsdns.baidu.com,Baidu
302,httpsdns.baidu.com,Baidu
303,afdconf.baidu.com,Baidu
304,minipro.baidu.com,Baidu
305,mbd.baidu.com,Baidu
306,h2tcbox.baidu.com,Baidu
307,httpsdns.baidu.com,Baidu
308,mbd.baidu.com,Baidu
309,mbd.baidu.com,Baidu
310,m.baidu.com,Baidu
311,minipro.baidu.com,Baidu
312,spcsz.cdn.bcebos.com,Baidu
313,f7.baidu.com,Baidu
314,httpsdns.baidu.com,Baidu
315,als.baidu.com,Baidu
316,pics0.baidu.com,Baidu
317,pics0.baidu.com,Baidu
318,pics0.baidu.com,Baidu
319,f7.baidu.com,Baidu
320,pics0.baidu.com,Baidu
321,pics0.baidu.com,Baidu
322,pics0.baidu.com,Baidu
323,f7.baidu.com,Baidu
324,httpsdns.baidu.com,Baidu
325,pics1.baidu.com,Baidu
326,pics1.baidu.com,Baidu
327,mbdcdn.bdstatic.com,Baidu
328,mbdcdn.bdstatic.com,Baidu
329,vd3.bdstatic.com,Baidu
330,vd3.bdstatic.com,Baidu
331,pics0.baidu.com,Baidu
332,mbd.baidu.com,Baidu
333,pics0.baidu.com,Baidu
334,pics0.baidu.com,Baidu
335,pics1.baidu.com,Baidu
336,mbdcdn.bdstatic.com,Baidu
337,f7.baidu.com,Baidu
338,pics0.baidu.com,Baidu
339,vd3.bdstatic.com,Baidu
340,pics0.baidu.com,Baidu
341,pics0.baidu.com,Baidu
342,f7.baidu.com,Baidu
343,als.baidu.com,Baidu
344,mbdcdn.bdstatic.com,Baidu
345,pics1.baidu.com,Baidu
346,vd3.bdstatic.com,Baidu
347,f7.baidu.com,Baidu
348,pics0.baidu.com,Baidu
349,pics0.baidu.com,Baidu
350,pics0.baidu.com,Baidu
351,h2mbd.baidu.com,Baidu
352,h2tcbox.baidu.com,Baidu
353,h2mbd.baidu.com,Baidu
354,h2mbd.baidu.com,Baidu
355,pics1.baidu.com,Baidu
356,mbdcdn.bdstatic.com,Baidu
357,vd3.bdstatic.com,Baidu
358,f7.baidu.com,Baidu
359,vd3.bdstatic.com,Baidu
360,h2mbd.baidu.com,Baidu
361,h2mbd.baidu.com,Baidu
362,h2tcbox.baidu.com,Baidu
363,vd3.bdstatic.com,Baidu
364,mbd.baidu.com,Baidu
365,h2tcbox.baidu.com,Baidu
366,mbd.baidu.com,Baidu
367,mbd.baidu.com,Baidu
368,httpsdns.baidu.com,Baidu
369,h2tcbox.baidu.com,Baidu
370,ext.baidu.com,Baidu
371,b.bdstatic.com,Baidu
372,b.bdstatic.com,Baidu
373,b.bdstatic.com,Baidu
374,h2tcbox.baidu.com,Baidu
375,httpsdns.baidu.com,Baidu
376,mbd.baidu.com,Baidu
377,gips0.baidu.com,Baidu
378,h2tcbox.baidu.com,Baidu
379,httpsdns.baidu.com,Baidu
380,httpsdns.baidu.com,Baidu
381,h2tcbox.baidu.com,Baidu
382,vd3.bdstatic.com,Baidu
383,collector.dcdn.baidu.com:80,Baidu
384,mbd.baidu.com,Baidu
385,httpsdns.baidu.com,Baidu
386,vd3.bdstatic.com,Baidu
387,mbd.baidu.com,Baidu
388,gips0.baidu.com,Baidu
389,ext.baidu.com,Baidu
390,h2tcbox.baidu.com,Baidu
391,h2tcbox.baidu.com,Baidu
392,hmma.baidu.com,Baidu
393,browserkernel.baidu.com,Baidu
394,vd3.bdstatic.com,Baidu
395,browserkernel.baidu.com,Baidu
396,h2tcbox.baidu.com,Baidu
397,collector.dcdn.baidu.com:80,Baidu
398,vd3.bdstatic.com,Baidu
399,collector.dcdn.baidu.com:80,Baidu
400,mbd.baidu.com,Baidu
401,browserkernel.baidu.com,Baidu
402,vd3.bdstatic.com,Baidu
403,mbd.baidu.com,Baidu
404,mbd.baidu.com,Baidu
405,h2tcbox.baidu.com,Baidu
406,mbd.baidu.com,Baidu
407,mbd.baidu.com,Baidu
408,gips0.baidu.com,Baidu
409,ext.baidu.com,Baidu
410,mbd.baidu.com,Baidu
411,h2tcbox.baidu.com,Baidu
412,h2tcbox.baidu.com,Baidu
413,h2tcbox.baidu.com,Baidu
414,h2tcbox.baidu.com,Baidu
415,vd3.bdstatic.com,Baidu
416,httpsdns.baidu.com,Baidu
417,gips3.baidu.com,Baidu
418,h2tcbox.baidu.com,Baidu
419,collector.dcdn.baidu.com:80,Baidu
420,mbd.baidu.com,Baidu
421,browserkernel.baidu.com,Baidu
422,h2tcbox.baidu.com,Baidu
423,vd3.bdstatic.com,Baidu
424,browserkernel.baidu.com,Baidu
425,mbd.baidu.com,Baidu
426,f7.baidu.com,Baidu
427,mbd.baidu.com,Baidu
428,mbd.baidu.com,Baidu
429,mbd.baidu.com,Baidu
430,mbd.baidu.com,Baidu
431,h2tcbox.baidu.com,Baidu
432,mbd.baidu.com,Baidu
433,gips0.baidu.com,Baidu
434,ext.baidu.com,Baidu
435,h2tcbox.baidu.com,Baidu
436,aisite.wejianzhan.com,Baidu
437,httpsdns.baidu.com,Baidu
438,feed-image.baidu.com,Baidu
439,nadvideo2.baidu.com,Baidu
440,feed-image.baidu.com,Baidu
441,browserkernel.baidu.com,Baidu
442,h2tcbox.baidu.com,Baidu
443,wjz-cdn.baidu.com,Baidu
444,wjz-cdn.baidu.com,Baidu
445,wjz-cdn.baidu.com,Baidu
446,wjz-cdn.baidu.com,Baidu
447,m.baidu.com,Baidu
448,wjz-cdn.baidu.com,Baidu
449,wjz-cdn.baidu.com,Baidu
450,duzhanread.cdn.bcebos.com,Baidu
451,duzhanread.cdn.bcebos.com,Baidu
452,duzhanread.cdn.bcebos.com,Baidu
453,duzhanread.cdn.bcebos.com,Baidu
454,duzhanread.cdn.bcebos.com,Baidu
455,duzhanread.cdn.bcebos.com,Baidu
456,jmy-pic.baidu.com,Baidu
457,jmy-pic.baidu.com,Baidu
458,browserkernel.baidu.com,Baidu
459,h2tcbox.baidu.com,Baidu
460,browserkernel.baidu.com,Baidu
461,h2tcbox.baidu.com,Baidu
462,fe-resource.cdn.bcebos.com,Baidu
463,duzhanread.cdn.bcebos.com,Baidu
464,h2tcbox.baidu.com,Baidu
465,duzhanread.cdn.bcebos.com,Baidu
466,duzhanread.cdn.bcebos.com,Baidu
467,duzhanread.cdn.bcebos.com,Baidu
468,duzhanread.cdn.bcebos.com,Baidu
469,duzhanread.cdn.bcebos.com,Baidu
470,jmy-pic.baidu.com,Baidu
471,aisite.wejianzhan.com,Baidu
472,www.baidu.com,Baidu
473,collector.dcdn.baidu.com:80,Baidu
474,collector.dcdn.baidu.com:80,Baidu
475,collector.dcdn.baidu.com:80,Baidu
476,collector.dcdn.baidu.com:80,Baidu
1,dig.bdurl.net,TikTok
2,dig.bdurl.net,TikTok
3,dig.bdurl.net,TikTok
4,dig.bdurl.net,TikTok
5,dig.bdurl.net,TikTok
6,dig.bdurl.net,TikTok
7,dig.bdurl.net,TikTok
8,dig.bdurl.net,TikTok
9,dig.bdurl.net,TikTok
10,dig.bdurl.net,TikTok
12,saveu5-normal-lq.zijieapi.com,TikTok
13,log3-misc-lq.amemv.com,TikTok
14,dig.bdurl.net,TikTok
15,tnc3-aliec2.zijieapi.com,TikTok
16,imapi3-normal-lq.zijieapi.com,TikTok
17,imapi3-normal-lq.zijieapi.com,TikTok
18,log3-misc-lq.amemv.com,TikTok
19,imapi3-normal-lq.zijieapi.com,TikTok
20,dig.bdurl.net,TikTok
21,lf26-webcast-cdn-tos.bytegecko.com,TikTok
22,v95-sz.douyinvod.com,TikTok
23,dig.bdurl.net,TikTok
24,dig.bdurl.net,TikTok
25,ma5-normal-lq.zijieapi.com,TikTok
26,p3-sign.douyinpic.com,TikTok
27,p3-sign.douyinpic.com,TikTok
28,log3-misc-lq.amemv.com,TikTok
29,dig.bdurl.net,TikTok
30,dig.bdurl.net,TikTok
31,api26-core-lq.amemv.com,TikTok
32,api26-normal-lq.amemv.com,TikTok
33,imapi3-normal-lq.zijieapi.com,TikTok
34,v95-sz.douyinvod.com,TikTok
35,dig.bdurl.net,TikTok
36,search5-search-lq.amemv.com,TikTok
37,dig.bdurl.net,TikTok
38,dig.bdurl.net,TikTok
39,saveu5-normal-lq.zijieapi.com,TikTok
40,ec3-core-lq.ecombdapi.com,TikTok
41,ecom3-normal-lq.ecombdapi.com,TikTok
42,v95-sz.douyinvod.com,TikTok
43,v95-sz.douyinvod.com,TikTok
44,v95-sz-cold.douyinvod.com,TikTok
45,v95-sz.douyinvod.com,TikTok
46,v95-sz.douyinvod.com,TikTok
47,dig.bdurl.net,TikTok
48,sf3-ttcdn-tos.pstatp.com,TikTok
49,dig.bdurl.net,TikTok
51,adash.man.aliyuncs.com,TikTok
52,dig.bdurl.net,TikTok
53,lf5-dy-cdn-tos.bytegecko.com,TikTok
54,dig.bdurl.net,TikTok
55,dig.bdurl.net,TikTok
56,lf3-dy-cdn-tos.bytegecko.com,TikTok
57,dig.bdurl.net,TikTok
58,mon11-misc-lq.amemv.com,TikTok
59,adash.man.aliyuncs.com,TikTok
60,ulogs.umeng.com,TikTok
61,ulogs.umeng.com,TikTok
62,ulogs.umeng.com,TikTok
63,mon11-misc-lq.amemv.com,TikTok
68,mon.snssdk.com,TikTok
69,mon11-misc-lq.amemv.com,TikTok
70,mon11-misc-lq.amemv.com,TikTok
71,mon11-misc-lq.amemv.com,TikTok
72,mon.snssdk.com,TikTok
75,dig.bdurl.net,TikTok
76,i-lq.snssdk.com,TikTok
77,i-lq.snssdk.com,TikTok
78,log3-misc-lq.amemv.com,TikTok
79,dig.bdurl.net,TikTok
80,lf3-dy-cdn-tos.bytegecko.com,TikTok
81,lf3-dy-cdn-tos.bytegecko.com,TikTok
82,lf3-dy-cdn-tos.bytegecko.com,TikTok
83,lf3-dy-cdn-tos.bytegecko.com,TikTok
84,lf3-dy-cdn-tos.bytegecko.com,TikTok
85,szextshort.weixin.qq.com,TikTok
86,dig.bdurl.net,TikTok
87,weixin.qq.com,TikTok
88,abtest3-misc-lq.zijieapi.com,TikTok
89,lf3-dy-cdn-tos.bytegecko.com,TikTok
90,szminorshort.weixin.qq.com,TikTok
91,weixin.qq.com,TikTok
92,log3-misc-lq.amemv.com,TikTok
93,i-lq.snssdk.com,TikTok
94,i-lq.snssdk.com,TikTok
96,log3-misc-lq.amemv.com,TikTok
97,weixin.qq.com,TikTok
98,lf.snssdk.com,TikTok
99,log3-misc-lq.amemv.com,TikTok
100,dig.bdurl.net,TikTok
101,mssdk3-normal-lq.zijieapi.com,TikTok
102,mssdk3-normal-lq.zijieapi.com,TikTok
103,weixin.qq.com,TikTok
104,mssdk3-normal-lq.zijieapi.com,TikTok
105,dig.bdurl.net,TikTok
106,log3-misc-lq.amemv.com,TikTok
107,log3-misc-lq.amemv.com,TikTok
108,dig.bdurl.net,TikTok
109,dig.bdurl.net,TikTok
110,bsync3-normal-lq.zijieapi.com,TikTok
111,log3-misc-lq.amemv.com,TikTok
112,log3-misc-lq.amemv.com,TikTok
113,log3-misc-lq.amemv.com,TikTok
114,dig.bdurl.net,TikTok
115,log3-misc-lq.amemv.com,TikTok
116,dig.bdurl.net,TikTok
117,log3-misc-lq.amemv.com,TikTok
118,dig.bdurl.net,TikTok
119,bsync3-normal-lq.zijieapi.com,TikTok
120,apilocate.amap.com,TikTok
121,apilocate.amap.com,TikTok
122,apilocate.amap.com,TikTok
123,logs.amap.com,TikTok
124,log3-misc-lq.amemv.com,TikTok
125,dig.bdurl.net,TikTok
126,mon11-misc-lq.amemv.com,TikTok
127,log3-misc-lq.amemv.com,TikTok
128,weixin.qq.com,TikTok
129,log3-misc-lq.amemv.com,TikTok
130,weixin.qq.com,TikTok
131,log3-misc-lq.amemv.com,TikTok
132,log3-misc-lq.amemv.com,TikTok
133,dig.bdurl.net,TikTok
134,dig.bdurl.net,TikTok
135,bsync3-normal-lq.zijieapi.com,TikTok
136,dig.bdurl.net,TikTok
137,log3-misc-lq.amemv.com,TikTok
138,log3-misc-lq.amemv.com,TikTok
139,log3-misc-lq.amemv.com,TikTok
140,log3-misc-lq.amemv.com,TikTok
141,dig.bdurl.net,TikTok
142,log3-misc-lq.amemv.com,TikTok
143,dig.bdurl.net,TikTok
144,bsync3-normal-lq.zijieapi.com,TikTok
145,log3-misc-lq.amemv.com,TikTok
146,szextshort.weixin.qq.com,TikTok
147,weixin.qq.com,TikTok
148,szminorshort.weixin.qq.com,TikTok
149,weixin.qq.com,TikTok
150,log3-misc-lq.amemv.com,TikTok
151,weixin.qq.com,TikTok
152,log3-misc-lq.amemv.com,TikTok
153,weixin.qq.com,TikTok
154,log3-misc-lq.amemv.com,TikTok
155,dig.bdurl.net,TikTok
156,log3-misc-lq.amemv.com,TikTok
157,dig.bdurl.net,TikTok
158,dig.bdurl.net,TikTok
159,bsync3-normal-lq.zijieapi.com,TikTok
160,log3-misc-lq.amemv.com,TikTok
161,log3-misc-lq.amemv.com,TikTok
162,log3-misc-lq.amemv.com,TikTok
163,dig.bdurl.net,TikTok
1,amap-aos-info-nogw.amap.com,Gaode Map
2,m5.amap.com,Gaode Map
3,m5.amap.com,Gaode Map
4,m5.amap.com,Gaode Map
5,m5.amap.com,Gaode Map
6,m5.amap.com,Gaode Map
7,m5.amap.com,Gaode Map
8,c3.amap.com,Gaode Map
9,m5.amap.com,Gaode Map
10,m5.amap.com,Gaode Map
11,m5.amap.com,Gaode Map
12,m5.amap.com,Gaode Map
13,aloc-gnss-eph.amap.com,Gaode Map
14,m5.amap.com,Gaode Map
15,m5.amap.com,Gaode Map
16,m5.amap.com,Gaode Map
17,m5.amap.com,Gaode Map
18,aloc-gnss-eph.amap.com,Gaode Map
19,awaken.amap.com,Gaode Map
20,mps.amap.com,Gaode Map
21,mps.amap.com,Gaode Map
22,mps.amap.com,Gaode Map
23,aos-cdn-image.amap.com,Gaode Map
24,aos-cdn-image.amap.com,Gaode Map
25,aos-cdn-image.amap.com,Gaode Map
26,aos-cdn-image.amap.com,Gaode Map
27,aos-cdn-image.amap.com,Gaode Map
28,mps.amap.com,Gaode Map
29,aos-cdn-image.amap.com,Gaode Map
30,mps.amap.com,Gaode Map
31,aos-cdn-image.amap.com,Gaode Map
32,aos-cdn-image.amap.com,Gaode Map
33,aos-cdn-image.amap.com,Gaode Map
34,awaken.amap.com,Gaode Map
36,m5.amap.com,Gaode Map
37,m5.amap.com,Gaode Map
38,awaken.amap.com,Gaode Map
39,mps.amap.com,Gaode Map
40,mps.amap.com,Gaode Map
41,c1.amap.com,Gaode Map
43,awaken.amap.com,Gaode Map
44,mps.amap.com,Gaode Map
45,b.qchannel03.cn,Gaode Map
46,b.qchannel03.cn,Gaode Map
47,b.qchannel03.cn,Gaode Map
48,b.qchannel03.cn,Gaode Map
49,mum.alibabachengdun.com,Gaode Map
50,mapdownload.autonavi.com,Gaode Map
51,sync.amap.com,Gaode Map
52,m5.amap.com,Gaode Map
53,m5.amap.com,Gaode Map
54,m5.amap.com,Gaode Map
55,m5.amap.com,Gaode Map
56,mapdownload.autonavi.com,Gaode Map
57,m5.amap.com,Gaode Map
59,m5.amap.com,Gaode Map
60,m5.amap.com,Gaode Map
61,m5.amap.com,Gaode Map
62,sns.amap.com,Gaode Map
63,mdap.alipay.com:443,Gaode Map
64,c2.amap.com,Gaode Map
65,amap-offlinedata.amap.com,Gaode Map
66,c2.amap.com,Gaode Map
68,sns.amap.com,Gaode Map
69,sns.amap.com,Gaode Map
70,mps.amap.com,Gaode Map
71,mapdownload.autonavi.com,Gaode Map
72,sns.amap.com,Gaode Map
73,m5.amap.com,Gaode Map
74,mps.amap.com,Gaode Map
75,mps.amap.com,Gaode Map
76,m5.amap.com,Gaode Map
77,mps.amap.com,Gaode Map
78,m5.amap.com,Gaode Map
79,sync.amap.com,Gaode Map
81,mapdownload.autonavi.com,Gaode Map
82,m5.amap.com,Gaode Map
83,aos-cdn-image.amap.com,Gaode Map
84,aos-cdn-image.amap.com,Gaode Map
85,aos-cdn-image.amap.com,Gaode Map
86,m5.amap.com,Gaode Map
87,m5.amap.com,Gaode Map
88,m5.amap.com,Gaode Map
89,mapdownload.autonavi.com,Gaode Map
90,mapdownload.autonavi.com,Gaode Map
91,mapdownload.autonavi.com,Gaode Map
92,mapdownload.autonavi.com,Gaode Map
93,arch.amap.com,Gaode Map
94,download.autonavi.com,Gaode Map
95,inside-gateway.alipay.com,Gaode Map
96,eco.taobao.com,Gaode Map
97,eco.taobao.com,Gaode Map
98,eco.taobao.com,Gaode Map
99,m5.amap.com,Gaode Map
100,mdap.alipay.com,Gaode Map
101,eco.taobao.com,Gaode Map
102,acs.m.taobao.com,Gaode Map
103,amdc.m.taobao.com,Gaode Map
104,eco.taobao.com,Gaode Map
105,amdc.m.taobao.com,Gaode Map
106,mdap.alipay.com,Gaode Map
107,amdc.m.taobao.com,Gaode Map
108,eco.taobao.com,Gaode Map
109,amdc.m.taobao.com,Gaode Map
110,mdap.alipay.com:443,Gaode Map
112,amdc.m.taobao.com,Gaode Map
113,amdc.m.taobao.com,Gaode Map
114,amdc.m.taobao.com,Gaode Map
115,amdc.m.taobao.com,Gaode Map
116,203.119.211.219,Gaode Map
117,203.119.206.64,Gaode Map
118,203.119.211.219,Gaode Map
119,mobilegw.alipay.com,Gaode Map
120,mobilegw.alipay.com,Gaode Map
121,203.119.211.219,Gaode Map
122,mdap.alipay.com:443,Gaode Map
123,mum.alibabachengdun.net,Gaode Map
124,mum.alibabachengdun.net,Gaode Map
125,c3.amap.com,Gaode Map
126,m5.amap.com,Gaode Map
127,m5.amap.com,Gaode Map
128,awaken.amap.com,Gaode Map
129,59.82.14.1,Gaode Map
130,mdap.alipay.com:443,Gaode Map
131,mdap.alipay.com:443,Gaode Map
132,mdap.alipay.com:443,Gaode Map
133,c3.amap.com,Gaode Map
134,m5.amap.com,Gaode Map
135,mdap.alipay.com:443,Gaode Map
136,m5.amap.com,Gaode Map
137,m5.amap.com,Gaode Map
138,m5.amap.com,Gaode Map
139,mdap.alipay.com:443,Gaode Map
140,c3.amap.com,Gaode Map
141,m5.amap.com,Gaode Map
142,m5.amap.com,Gaode Map
143,c3.amap.com,Gaode Map
144,m5.amap.com,Gaode Map
145,m5.amap.com,Gaode Map
146,m5.amap.com,Gaode Map
147,m5.amap.com,Gaode Map
148,c3.amap.com,Gaode Map
149,m5.amap.com,Gaode Map
150,m5.amap.com,Gaode Map
151,c2.amap.com,Gaode Map
152,m5.amap.com,Gaode Map
153,m5.amap.com,Gaode Map
154,c2.amap.com,Gaode Map
155,m5.amap.com,Gaode Map
156,m5.amap.com,Gaode Map
157,c2.amap.com,Gaode Map
158,m5.amap.com,Gaode Map
159,m5.amap.com,Gaode Map
160,m5.amap.com,Gaode Map
161,m5-zb.amap.com,Gaode Map
162,m5.amap.com,Gaode Map
163,m5.amap.com,Gaode Map
164,m5.amap.com,Gaode Map
165,m5-zb.amap.com,Gaode Map
166,m5.amap.com,Gaode Map
167,m5.amap.com,Gaode Map
168,m5.amap.com,Gaode Map
169,m5.amap.com,Gaode Map
170,m5.amap.com,Gaode Map
171,m5.amap.com,Gaode Map
172,mps.amap.com,Gaode Map
173,m5.amap.com,Gaode Map
174,m5.amap.com,Gaode Map
175,awaken.amap.com,Gaode Map
176,awaken.amap.com,Gaode Map
177,m5.amap.com,Gaode Map
178,m5.amap.com,Gaode Map
179,img.alicdn.com,Gaode Map
180,img.alicdn.com,Gaode Map
181,img.alicdn.com,Gaode Map
182,img.alicdn.com,Gaode Map
183,gw.alicdn.com,Gaode Map
184,img.alicdn.com,Gaode Map
185,img.alicdn.com,Gaode Map
186,m5.amap.com,Gaode Map
187,m5.amap.com,Gaode Map
188,c1.amap.com,Gaode Map
189,arch.amap.com,Gaode Map
190,c1.amap.com,Gaode Map
191,img.alicdn.com,Gaode Map
192,cache.amap.com,Gaode Map
193,store.is.autonavi.com,Gaode Map
194,store.is.autonavi.com,Gaode Map
195,c1.amap.com,Gaode Map
196,awaken.amap.com,Gaode Map
197,awaken.amap.com,Gaode Map
198,m5.amap.com,Gaode Map
199,awaken.amap.com,Gaode Map
200,m5.amap.com,Gaode Map
201,awaken.amap.com,Gaode Map
202,m5.amap.com,Gaode Map
203,awaken.amap.com,Gaode Map
204,img.alicdn.com,Gaode Map
205,img.alicdn.com,Gaode Map
206,img.alicdn.com,Gaode Map
207,img.alicdn.com,Gaode Map
208,img.alicdn.com,Gaode Map
209,m5.amap.com,Gaode Map
210,cache.amap.com,Gaode Map
211,awaken.amap.com,Gaode Map
212,img.alicdn.com,Gaode Map
213,store.is.autonavi.com,Gaode Map
214,gw.alicdn.com,Gaode Map
215,store.is.autonavi.com,Gaode Map
216,store.is.autonavi.com,Gaode Map
217,m5.amap.com,Gaode Map
218,store.is.autonavi.com,Gaode Map
219,store.is.autonavi.com,Gaode Map
220,store.is.autonavi.com,Gaode Map
221,store.is.autonavi.com,Gaode Map
222,store.is.autonavi.com,Gaode Map
223,awaken.amap.com,Gaode Map
224,mps.amap.com,Gaode Map
225,mps.amap.com,Gaode Map
226,mps.amap.com,Gaode Map
227,mps.amap.com,Gaode Map
228,m5.amap.com,Gaode Map
229,mps.amap.com,Gaode Map
230,mps.amap.com,Gaode Map
231,m5.amap.com,Gaode Map
232,m5.amap.com,Gaode Map
233,store.is.autonavi.com,Gaode Map
234,files.alicdn.com,Gaode Map
235,m5.amap.com,Gaode Map
236,awaken.amap.com,Gaode Map
237,m5.amap.com,Gaode Map
238,awaken.amap.com,Gaode Map
239,m5.amap.com,Gaode Map
240,m5.amap.com,Gaode Map
241,m5.amap.com,Gaode Map
242,m5.amap.com,Gaode Map
243,m5.amap.com,Gaode Map
244,m5.amap.com,Gaode Map
245,store.is.autonavi.com,Gaode Map
246,store.is.autonavi.com,Gaode Map
247,store.is.autonavi.com,Gaode Map
248,m5.amap.com,Gaode Map
249,store.is.autonavi.com,Gaode Map
250,store.is.autonavi.com,Gaode Map
251,img.alicdn.com,Gaode Map
252,img.alicdn.com,Gaode Map
253,m5.amap.com,Gaode Map
254,m5.amap.com,Gaode Map
255,m5.amap.com,Gaode Map
256,img.alicdn.com,Gaode Map
257,store.is.autonavi.com,Gaode Map
258,store.is.autonavi.com,Gaode Map
259,store.is.autonavi.com,Gaode Map
260,m5.amap.com,Gaode Map
261,m5.amap.com,Gaode Map
262,m5.amap.com,Gaode Map
263,m5.amap.com,Gaode Map
264,m5.amap.com,Gaode Map
265,img.alicdn.com,Gaode Map
266,m5.amap.com,Gaode Map
267,m5.amap.com,Gaode Map
268,m5.amap.com,Gaode Map
269,store.is.autonavi.com,Gaode Map
270,store.is.autonavi.com,Gaode Map
271,store.is.autonavi.com,Gaode Map
272,awaken.amap.com,Gaode Map
273,m5.amap.com,Gaode Map
274,m5.amap.com,Gaode Map
275,awaken.amap.com,Gaode Map
276,f.amap.com,Gaode Map
277,detail.tmall.com,Gaode Map
278,detail.m.tmall.com,Gaode Map
279,g.alicdn.com,Gaode Map
280,g.alicdn.com,Gaode Map
281,g.alicdn.com,Gaode Map
282,g.alicdn.com,Gaode Map
283,img.alicdn.com,Gaode Map
284,g.alicdn.com,Gaode Map
285,g.alicdn.com,Gaode Map
286,g.alicdn.com,Gaode Map
287,img.alicdn.com,Gaode Map
288,g.alicdn.com,Gaode Map
289,g.alicdn.com,Gaode Map
290,fourier.alibaba.com,Gaode Map
291,log.mmstat.com,Gaode Map
292,gw.alicdn.com,Gaode Map
293,wgo.mmstat.com,Gaode Map
294,wgo.mmstat.com,Gaode Map
295,wgo.mmstat.com,Gaode Map
296,log.mmstat.com,Gaode Map
297,wgo.mmstat.com,Gaode Map
298,h5api.m.tmall.com,Gaode Map
299,wgo.mmstat.com,Gaode Map
300,wgo.mmstat.com,Gaode Map
301,g.alicdn.com,Gaode Map
302,h5api.m.tmall.com,Gaode Map
303,img.alicdn.com,Gaode Map
304,gw.alicdn.com,Gaode Map
305,wgo.mmstat.com,Gaode Map
306,h5api.m.tmall.com,Gaode Map
307,gw.alicdn.com,Gaode Map
308,gw.alicdn.com,Gaode Map
309,img.alicdn.com,Gaode Map
310,img.alicdn.com,Gaode Map
311,img.alicdn.com,Gaode Map
312,img.alicdn.com,Gaode Map
313,wgo.mmstat.com,Gaode Map
314,at.alicdn.com,Gaode Map
315,market.m.taobao.com,Gaode Map
316,ugcdn.taobao.com,Gaode Map
317,wgo.mmstat.com,Gaode Map
318,ossgw.alicdn.com,Gaode Map
319,ossgw.alicdn.com,Gaode Map
320,ossgw.alicdn.com,Gaode Map
321,ossgw.alicdn.com,Gaode Map
322,ossgw.alicdn.com,Gaode Map
323,ossgw.alicdn.com,Gaode Map
324,ossgw.alicdn.com,Gaode Map
325,login.taobao.com,Gaode Map
326,ossgw.alicdn.com,Gaode Map
327,ossgw.alicdn.com,Gaode Map
328,ossgw.alicdn.com,Gaode Map
329,ossgw.alicdn.com,Gaode Map
330,wgo.mmstat.com,Gaode Map
331,at.alicdn.com,Gaode Map
332,wgo.mmstat.com,Gaode Map
333,wgo.mmstat.com,Gaode Map
334,g.alicdn.com,Gaode Map
335,wgo.mmstat.com,Gaode Map
336,g.alicdn.com,Gaode Map
337,g.alicdn.com,Gaode Map
338,g.alicdn.com,Gaode Map
339,g.alicdn.com,Gaode Map
340,g.alicdn.com,Gaode Map
341,g.alicdn.com,Gaode Map
342,g.alicdn.com,Gaode Map
343,g.alicdn.com,Gaode Map
344,g.alicdn.com,Gaode Map
345,g.alicdn.com,Gaode Map
346,g.alicdn.com,Gaode Map
347,g.alicdn.com,Gaode Map
348,g.alicdn.com,Gaode Map
349,m5.amap.com,Gaode Map
350,gdloc.qchannel03.cn,Gaode Map
351,main.m.taobao.com,Gaode Map
352,gdloc.qchannel03.cn,Gaode Map
353,gw.alicdn.com,Gaode Map
354,pass.tmall.com,Gaode Map
355,gm.mmstat.com,Gaode Map
356,img.alicdn.com,Gaode Map
357,gdloc.qchannel03.cn,Gaode Map
358,img.alicdn.com,Gaode Map
359,m5.amap.com,Gaode Map
361,guide-acs.m.taobao.com,Gaode Map
362,guide-acs.m.taobao.com,Gaode Map
363,gw.alicdn.com,Gaode Map
364,mobilegw.alipay.com:443,Gaode Map
365,mdap.alipay.com:443,Gaode Map
366,mdap.alipay.com:443,Gaode Map
367,img.alicdn.com,Gaode Map
368,gw.alicdn.com,Gaode Map
369,m5.amap.com,Gaode Map
370,m5.amap.com,Gaode Map
371,dorangesource.alicdn.com,Gaode Map
372,img.alicdn.com,Gaode Map
373,gw.alicdn.com,Gaode Map
374,gtms03.alicdn.com,Gaode Map
375,gw.alicdn.com,Gaode Map
376,gw.alicdn.com,Gaode Map
377,m5.amap.com,Gaode Map
378,at.alicdn.com,Gaode Map
379,img.alicdn.com,Gaode Map
380,h5api.m.tmall.com,Gaode Map
381,wgo.mmstat.com,Gaode Map
382,h5api.m.tmall.com,Gaode Map
383,gm.mmstat.com,Gaode Map
384,h5api.m.tmall.com,Gaode Map
385,h5api.m.tmall.com,Gaode Map
386,wgo.mmstat.com,Gaode Map
387,log.mmstat.com,Gaode Map
388,wgo.mmstat.com,Gaode Map
389,gm.mmstat.com,Gaode Map
390,m5.amap.com,Gaode Map
391,wgo.mmstat.com,Gaode Map
392,m5.amap.com,Gaode Map
393,m5.amap.com,Gaode Map
394,m5.amap.com,Gaode Map
395,m5.amap.com,Gaode Map
396,m5.amap.com,Gaode Map
397,m5.amap.com,Gaode Map
399,m5-zb.amap.com,Gaode Map
400,mapdownload.autonavi.com,Gaode Map
401,m5.amap.com,Gaode Map
402,gdloc.qchannel03.cn,Gaode Map
403,log.mmstat.com,Gaode Map
404,gm.mmstat.com,Gaode Map
405,m5.amap.com,Gaode Map
406,m5.amap.com,Gaode Map
407,sns.amap.com,Gaode Map
408,cloud.video.taobao.com,Gaode Map
409,tbm-auth.alicdn.com,Gaode Map
410,gm.mmstat.com,Gaode Map
411,m5.amap.com,Gaode Map
412,tbm-auth.alicdn.com,Gaode Map
413,gdloc.qchannel03.cn,Gaode Map
414,m5.amap.com,Gaode Map
415,guide-acs.m.taobao.com,Gaode Map
416,mobilegw.alipay.com:443,Gaode Map
417,guide-acs.m.taobao.com,Gaode Map
418,m5.amap.com,Gaode Map
419,tbm-auth.alicdn.com,Gaode Map
420,m5.amap.com,Gaode Map
421,m5.amap.com,Gaode Map
422,amdc.m.taobao.com,Gaode Map
423,guide-acs.m.taobao.com,Gaode Map
424,m5.amap.com,Gaode Map
425,m5.amap.com,Gaode Map
426,m5.amap.com,Gaode Map
427,m5.amap.com,Gaode Map
428,zconfig.alibabausercontent.com,Gaode Map
429,m5.amap.com,Gaode Map
430,dorangesource.alicdn.com,Gaode Map
431,m5.amap.com,Gaode Map
432,zconfig.alibabausercontent.com,Gaode Map
433,guide-acs.m.taobao.com,Gaode Map
434,zres.alicdn.com,Gaode Map
435,m5.amap.com,Gaode Map
436,acs.m.taobao.com,Gaode Map
437,g.alicdn.com,Gaode Map
438,gw.alipayobjects.com:443,Gaode Map
439,guide-acs.m.taobao.com,Gaode Map
440,59.82.14.162,Gaode Map
443,guide-acs.m.taobao.com,Gaode Map
444,guide-acs.m.taobao.com,Gaode Map
445,mdike.alicdn.com,Gaode Map
446,weixin.qq.com,Gaode Map
447,dorangesource.alicdn.com,Gaode Map
448,dorangesource.alicdn.com,Gaode Map
449,dorangesource.alicdn.com,Gaode Map
450,59.82.14.162,Gaode Map
451,g.alicdn.com,Gaode Map
453,m5.amap.com,Gaode Map
455,zres.alicdn.com,Gaode Map
456,amdc.m.taobao.com,Gaode Map
457,m5.amap.com,Gaode Map
458,yixiu-abtest.alicdn.com,Gaode Map
459,59.82.14.162,Gaode Map
460,awaken.amap.com,Gaode Map
461,gdloc.qchannel03.cn,Gaode Map
462,awaken.amap.com,Gaode Map
463,awaken.amap.com,Gaode Map
464,m5.amap.com,Gaode Map
465,mps.amap.com,Gaode Map
466,mps.amap.com,Gaode Map
467,h-adashx.ut.taobao.com,Gaode Map
469,sns.amap.com,Gaode Map
471,inputl1.xfinfr.com,Gaode Map
472,guide-acs.m.taobao.com,Gaode Map
473,m5.amap.com,Gaode Map
474,weixin.qq.com,Gaode Map
475,m5.amap.com,Gaode Map
476,m5.amap.com,Gaode Map
477,m5.amap.com,Gaode Map
478,store.is.autonavi.com,Gaode Map
479,aos-cdn-image.amap.com,Gaode Map
480,store.is.autonavi.com,Gaode Map
481,aoscdn.amap.com,Gaode Map
482,m5.amap.com,Gaode Map
483,m5.amap.com,Gaode Map
484,aoscdn.amap.com,Gaode Map
485,store.is.autonavi.com,Gaode Map
486,store.is.autonavi.com,Gaode Map
487,m5.amap.com,Gaode Map
488,store.is.autonavi.com,Gaode Map
489,store.is.autonavi.com,Gaode Map
490,store.is.autonavi.com,Gaode Map
491,store.is.autonavi.com,Gaode Map
492,awaken.amap.com,Gaode Map
493,awaken.amap.com,Gaode Map
494,eco.taobao.com,Gaode Map
495,eco.taobao.com,Gaode Map
496,mps.amap.com,Gaode Map
497,img.alicdn.com,Gaode Map
498,img.alicdn.com,Gaode Map
499,img.alicdn.com,Gaode Map
500,img.alicdn.com,Gaode Map
501,img.alicdn.com,Gaode Map
502,img.alicdn.com,Gaode Map
503,img.alicdn.com,Gaode Map
504,gw.alicdn.com,Gaode Map
505,gw.alicdn.com,Gaode Map
506,img.alicdn.com,Gaode Map
507,gw.alicdn.com,Gaode Map
508,m5.amap.com,Gaode Map
509,m5.amap.com,Gaode Map
510,eco.taobao.com,Gaode Map
511,eco.taobao.com,Gaode Map
512,eco.taobao.com,Gaode Map
513,awaken.amap.com,Gaode Map
514,awaken.amap.com,Gaode Map
515,m5.amap.com,Gaode Map
516,c3.amap.com,Gaode Map
517,m5.amap.com,Gaode Map
518,mps.amap.com,Gaode Map
519,mps.amap.com,Gaode Map
520,awaken.amap.com,Gaode Map
521,m5-zb.amap.com,Gaode Map
522,eco.taobao.com,Gaode Map
523,eco.taobao.com,Gaode Map
524,eco.taobao.com,Gaode Map
525,awaken.amap.com,Gaode Map
526,awaken.amap.com,Gaode Map
527,m5-zb.amap.com,Gaode Map
528,m5-zb.amap.com,Gaode Map
529,m5-zb.amap.com,Gaode Map
530,awaken.amap.com,Gaode Map
531,awaken.amap.com,Gaode Map
532,mps.amap.com,Gaode Map
533,mps.amap.com,Gaode Map
534,m5.amap.com,Gaode Map
535,m5.amap.com,Gaode Map
536,m5.amap.com,Gaode Map
537,mps.amap.com,Gaode Map
538,mps.amap.com,Gaode Map
539,m5.amap.com,Gaode Map
540,mps.amap.com,Gaode Map
541,mps.amap.com,Gaode Map
542,m5.amap.com,Gaode Map
543,m5.amap.com,Gaode Map
544,59.82.113.142,Gaode Map
545,m5.amap.com,Gaode Map
546,mps.amap.com,Gaode Map
547,mps.amap.com,Gaode Map
548,m5.amap.com,Gaode Map
549,m5.amap.com,Gaode Map
550,mps.amap.com,Gaode Map
551,mps.amap.com,Gaode Map
552,mps.amap.com,Gaode Map
553,mps.amap.com,Gaode Map
554,mps.amap.com,Gaode Map
555,mps.amap.com,Gaode Map
556,mps.amap.com,Gaode Map
557,mps.amap.com,Gaode Map
558,mps.amap.com,Gaode Map
559,mps.amap.com,Gaode Map
560,mps.amap.com,Gaode Map
561,mps.amap.com,Gaode Map
562,mps.amap.com,Gaode Map
563,mps.amap.com,Gaode Map
564,m5.amap.com,Gaode Map
565,mps.amap.com,Gaode Map
566,mps.amap.com,Gaode Map
567,mps.amap.com,Gaode Map
568,mps.amap.com,Gaode Map
569,mps.amap.com,Gaode Map
570,mps.amap.com,Gaode Map
571,mps.amap.com,Gaode Map
572,mps.amap.com,Gaode Map
573,mps.amap.com,Gaode Map
574,mps.amap.com,Gaode Map
575,mps.amap.com,Gaode Map
576,mps.amap.com,Gaode Map
577,img.alicdn.com,Gaode Map
578,mps.amap.com,Gaode Map
579,m5.amap.com,Gaode Map
580,m5.amap.com,Gaode Map
581,m5.amap.com,Gaode Map
582,eco.taobao.com,Gaode Map
583,eco.taobao.com,Gaode Map
584,m5.amap.com,Gaode Map
585,m5.amap.com,Gaode Map
586,eco.taobao.com,Gaode Map
587,aos-cdn-image.amap.com,Gaode Map
588,aos-cdn-image.amap.com,Gaode Map
589,aos-cdn-image.amap.com,Gaode Map
590,aos-cdn-image.amap.com,Gaode Map
591,aos-cdn-image.amap.com,Gaode Map
592,aos-cdn-image.amap.com,Gaode Map
593,aos-cdn-image.amap.com,Gaode Map
594,img.alicdn.com,Gaode Map
595,aos-cdn-image.amap.com,Gaode Map
596,aos-cdn-image.amap.com,Gaode Map
597,aos-cdn-image.amap.com,Gaode Map
598,faas-image.amap.com,Gaode Map
599,faas-image.amap.com,Gaode Map
600,aos-cdn-image.amap.com,Gaode Map
601,aos-cdn-image.amap.com,Gaode Map
602,aos-cdn-image.amap.com,Gaode Map
603,aos-cdn-image.amap.com,Gaode Map
604,mps.amap.com,Gaode Map
605,mps.amap.com,Gaode Map
606,mps.amap.com,Gaode Map
607,weixin.qq.com,Gaode Map
608,m5.amap.com,Gaode Map
609,m5.amap.com,Gaode Map
610,m5.amap.com,Gaode Map
611,m5.amap.com,Gaode Map
613,m5.amap.com,Gaode Map
615,m5.amap.com,Gaode Map
616,m5.amap.com,Gaode Map
618,m5.amap.com,Gaode Map
619,m5.amap.com,Gaode Map
620,m5.amap.com,Gaode Map
621,gdloc.qchannel03.cn,Gaode Map
623,m5.amap.com,Gaode Map
624,m5.amap.com,Gaode Map
626,m5.amap.com,Gaode Map
627,m5.amap.com,Gaode Map
629,m5.amap.com,Gaode Map
631,m5.amap.com,Gaode Map
633,m5.amap.com,Gaode Map
634,59.82.14.1,Gaode Map
636,m5.amap.com,Gaode Map
638,m5.amap.com,Gaode Map
640,m5.amap.com,Gaode Map
642,m5.amap.com,Gaode Map
644,m5.amap.com,Gaode Map
646,m5.amap.com,Gaode Map